team_api_id,date,buildUpPlaySpeed,buildUpPlayPassing,chanceCreationPassing,chanceCreationCrossing,chanceCreationShooting,defencePressure,defenceAggression,defenceTeamWidth
9930,2010-02-22 00:00:00,60,50,60,65,55,50,55,45
9930,2014-09-19 00:00:00,52,56,54,63,64,47,44,54
9930,2015-09-10 00:00:00,47,54,54,63,64,47,44,54
8485,2010-02-22 00:00:00,70,70,70,70,70,60,70,70
8485,2011-02-22 00:00:00,47,52,53,48,52,47,47,52
8485,2012-02-22 00:00:00,58,62,45,70,55,40,40,60
8485,2013-09-20 00:00:00,62,45,40,50,55,42,42,60
8485,2014-09-19 00:00:00,58,62,56,68,57,41,42,60
8485,2015-09-10 00:00:00,59,53,51,72,63,49,45,63
8576,2010-02-22 00:00:00,60,40,45,35,55,30,70,30
8576,2011-02-22 00:00:00,65,45,65,65,50,45,45,50
8576,2012-02-22 00:00:00,59,52,48,34,52,38,47,53
8576,2013-09-20 00:00:00,59,52,48,34,52,38,47,53
8576,2014-09-19 00:00:00,59,52,48,38,52,38,47,53
8576,2015-09-10 00:00:00,59,52,48,38,52,38,47,53
8564,2010-02-22 00:00:00,45,30,55,45,70,30,35,60
8564,2011-02-22 00:00:00,65,50,50,60,50,50,50,50
8564,2012-02-22 00:00:00,45,50,65,20,50,45,45,50
8564,2013-09-20 00:00:00,48,54,51,53,64,48,49,53
8564,2014-09-19 00:00:00,48,52,66,36,75,58,57,49
8564,2015-09-10 00:00:00,48,52,66,36,69,58,57,49
10215,2010-02-22 00:00:00,30,30,50,60,55,30,30,30
10215,2011-02-22 00:00:00,30,50,50,50,55,30,45,65
10215,2012-02-22 00:00:00,45,44,55,57,60,52,38,61
10215,2013-09-20 00:00:00,45,44,55,57,60,52,38,61
10215,2014-09-19 00:00:00,52,44,55,51,60,39,38,61
10215,2015-09-10 00:00:00,53,44,55,51,60,39,38,61
10217,2010-02-22 00:00:00,30,35,30,50,65,30,30,30
10217,2011-02-22 00:00:00,53,53,48,67,66,46,62,65
10217,2012-02-22 00:00:00,38,44,55,60,44,50,58,62
10217,2013-09-20 00:00:00,38,47,55,55,44,50,58,52
10217,2014-09-19 00:00:00,58,55,55,52,44,57,50,52
10217,2015-09-10 00:00:00,56,66,55,52,38,40,50,52
8593,2010-02-22 00:00:00,30,30,50,60,70,30,30,30
8593,2011-02-22 00:00:00,40,38,67,65,67,65,57,63
8593,2012-02-22 00:00:00,31,33,39,64,46,68,65,60
8593,2013-09-20 00:00:00,35,33,39,52,46,68,65,50
8593,2014-09-19 00:00:00,40,30,51,55,39,64,53,64
8593,2015-09-10 00:00:00,35,39,58,55,30,64,53,59
9865,2010-02-22 00:00:00,65,45,45,45,70,70,65,30
9865,2011-02-22 00:00:00,55,53,57,54,69,58,68,67
9865,2012-02-22 00:00:00,42,70,57,54,40,37,53,45
9865,2013-09-20 00:00:00,46,65,57,54,40,37,53,45
9865,2014-09-19 00:00:00,46,65,57,54,40,37,53,45
9865,2015-09-10 00:00:00,46,65,57,54,40,37,53,45
8635,2010-02-22 00:00:00,50,35,70,50,60,70,50,70
8635,2011-02-22 00:00:00,50,52,70,50,60,70,50,70
8635,2012-02-22 00:00:00,52,41,53,57,47,45,43,52
8635,2013-09-20 00:00:00,52,41,68,67,47,60,43,65
8635,2014-09-19 00:00:00,52,51,60,53,47,60,50,65
8635,2015-09-10 00:00:00,52,51,60,53,47,53,50,61
8121,2010-02-22 00:00:00,45,35,35,50,60,30,55,30
8121,2011-02-22 00:00:00,65,50,50,65,65,45,45,50
8121,2012-02-22 00:00:00,50,50,52,52,48,44,44,51
8121,2013-09-20 00:00:00,50,50,52,52,48,44,44,51
8121,2014-09-19 00:00:00,48,50,40,52,48,44,44,51
8121,2015-09-10 00:00:00,48,50,40,52,48,44,44,51
8322,2010-02-22 00:00:00,30,45,45,35,70,65,70,70
8322,2011-02-22 00:00:00,46,37,33,62,52,47,48,45
108893,2010-02-22 00:00:00,50,65,30,35,30,30,50,35
108893,2011-02-22 00:00:00,50,65,35,35,35,25,45,35
108893,2012-02-22 00:00:00,23,33,49,40,43,44,32,36
108893,2013-09-20 00:00:00,41,48,58,40,43,39,43,58
108893,2014-09-19 00:00:00,39,54,49,40,43,44,53,57
108893,2015-09-10 00:00:00,56,54,55,40,43,48,53,57
9912,2010-02-22 00:00:00,40,65,45,70,50,45,40,50
9912,2011-02-22 00:00:00,46,58,45,33,42,38,48,50
9912,2014-09-19 00:00:00,62,55,56,51,52,36,54,48
158085,2014-09-19 00:00:00,69,39,55,59,46,35,37,37
158085,2015-09-10 00:00:00,65,39,55,59,46,37,39,37
9825,2010-02-22 00:00:00,66,30,30,45,35,30,40,50
9825,2011-02-22 00:00:00,75,40,40,45,65,50,40,45
9825,2012-02-22 00:00:00,25,32,41,34,30,57,57,52
9825,2013-09-20 00:00:00,30,29,41,55,39,64,54,52
9825,2014-09-19 00:00:00,59,26,28,55,64,51,44,52
9825,2015-09-10 00:00:00,59,30,28,44,46,51,44,52
10252,2010-02-22 00:00:00,70,59,65,70,50,30,70,30
10252,2011-02-22 00:00:00,65,50,45,55,50,35,45,65
10252,2012-02-22 00:00:00,67,58,44,60,56,43,50,52
10252,2013-09-20 00:00:00,63,59,52,55,34,39,41,54
10252,2014-09-19 00:00:00,66,72,63,48,56,39,42,52
10252,2015-09-10 00:00:00,63,54,60,48,38,35,44,54
8524,2010-02-22 00:00:00,35,40,35,30,55,30,30,55
8524,2011-02-22 00:00:00,65,50,50,65,55,45,55,65
8524,2012-02-22 00:00:00,40,50,53,47,50,55,42,50
8524,2013-09-20 00:00:00,64,36,38,49,51,54,53,49
8524,2014-09-19 00:00:00,64,37,38,49,51,36,66,49
8524,2015-09-10 00:00:00,64,37,38,49,51,36,63,49
8315,2010-02-22 00:00:00,60,45,35,70,55,30,70,35
8315,2011-02-22 00:00:00,70,69,55,72,57,48,67,55
8315,2012-02-22 00:00:00,42,59,36,78,59,37,60,68
8315,2013-09-20 00:00:00,46,38,52,73,37,37,60,68
8315,2014-09-19 00:00:00,46,38,52,68,37,37,60,65
8315,2015-09-10 00:00:00,46,39,50,60,36,49,57,50
9906,2010-02-22 00:00:00,64,30,65,50,70,70,34,55
9906,2011-02-22 00:00:00,57,54,58,69,79,58,48,54
9906,2012-02-22 00:00:00,47,51,67,63,54,52,37,55
9906,2013-09-20 00:00:00,47,51,70,65,54,52,37,55
9906,2014-09-19 00:00:00,47,51,67,67,54,52,37,55
9906,2015-09-10 00:00:00,57,50,61,62,49,49,42,52
8406,2010-02-22 00:00:00,45,45,35,70,70,45,55,45
8406,2011-02-22 00:00:00,68,40,52,64,72,59,49,42
8406,2012-02-22 00:00:00,55,55,49,57,55,47,58,56
8406,2013-09-20 00:00:00,40,55,49,72,53,33,43,52
8406,2014-09-19 00:00:00,62,69,41,63,56,47,55,52
8406,2015-09-10 00:00:00,59,55,49,62,55,34,50,59
8583,2010-02-22 00:00:00,30,70,35,65,35,30,55,30
8583,2011-02-22 00:00:00,35,65,35,65,50,35,45,65
8583,2012-02-22 00:00:00,64,49,51,63,50,34,45,36
8583,2013-09-20 00:00:00,64,49,51,63,50,34,45,41
8583,2014-09-19 00:00:00,64,49,51,63,50,34,45,36
8583,2015-09-10 00:00:00,64,49,51,63,50,34,45,40
10229,2010-02-22 00:00:00,55,45,40,30,60,30,30,50
10229,2011-02-22 00:00:00,45,31,45,74,66,60,50,65
10229,2012-02-22 00:00:00,46,36,47,48,52,60,65,59
10229,2013-09-20 00:00:00,62,40,67,48,52,50,65,59
10229,2014-09-19 00:00:00,52,46,60,56,52,50,61,55
10229,2015-09-10 00:00:00,50,58,67,56,50,50,61,55
8634,2010-02-22 00:00:00,42,30,65,40,70,70,30,70
8634,2011-02-22 00:00:00,43,34,59,25,68,67,43,68
8634,2012-02-22 00:00:00,24,25,37,24,54,66,63,66
8634,2013-09-20 00:00:00,35,32,37,31,35,61,63,65
8634,2014-09-19 00:00:00,35,32,37,31,35,61,63,65
8634,2015-09-10 00:00:00,36,51,36,49,56,61,65,65
9976,2010-02-22 00:00:00,30,30,30,40,65,40,30,45
9976,2011-02-22 00:00:00,65,35,65,63,65,55,45,60
9976,2012-02-22 00:00:00,50,50,50,35,50,45,45,50
9976,2013-09-20 00:00:00,55,57,54,44,60,49,51,61
9976,2014-09-19 00:00:00,55,57,54,44,56,49,51,53
9976,2015-09-10 00:00:00,52,65,40,55,48,50,51,55
9931,2010-02-22 00:00:00,40,45,50,65,50,60,60,60
9931,2011-02-22 00:00:00,46,40,51,54,49,38,53,55
9931,2012-02-22 00:00:00,61,46,66,66,54,47,58,53
9931,2013-09-20 00:00:00,61,46,66,66,54,47,58,53
9931,2014-09-19 00:00:00,61,46,66,66,54,47,58,53
9931,2015-09-10 00:00:00,61,46,66,66,54,47,58,53
8178,2010-02-22 00:00:00,70,30,70,70,70,70,60,70
8178,2011-02-22 00:00:00,67,38,51,47,55,57,39,51
8178,2012-02-22 00:00:00,58,55,52,55,56,50,42,47
8178,2013-09-20 00:00:00,64,55,52,54,37,58,38,47
8178,2014-09-19 00:00:00,69,55,52,55,39,50,46,54
8178,2015-09-10 00:00:00,73,55,77,54,61,61,72,50
9823,2010-02-22 00:00:00,65,40,65,70,70,70,40,65
9823,2011-02-22 00:00:00,42,40,34,30,72,39,52,65
9823,2012-02-22 00:00:00,47,40,34,31,55,49,35,50
9823,2013-09-20 00:00:00,56,41,40,44,39,52,54,52
9823,2014-09-19 00:00:00,37,22,21,38,40,61,59,40
9823,2015-09-10 00:00:00,45,28,37,31,22,72,53,59
9993,2010-02-22 00:00:00,35,35,45,40,50,70,70,70
9993,2011-02-22 00:00:00,47,37,54,64,67,33,34,48
9993,2012-02-22 00:00:00,55,55,47,46,49,45,46,50
9993,2013-09-20 00:00:00,47,39,38,64,49,45,46,67
10211,2011-02-22 00:00:00,48,46,50,50,57,47,55,53
10211,2012-02-22 00:00:00,39,48,53,53,59,37,52,61
10211,2013-09-20 00:00:00,39,48,53,53,59,37,52,61
9807,2010-02-22 00:00:00,30,30,55,45,60,30,30,30
9807,2014-09-19 00:00:00,52,52,40,37,48,38,48,49
9807,2015-09-10 00:00:00,51,52,43,37,48,38,48,49
6493,2010-02-22 00:00:00,40,50,55,65,55,45,50,55
6493,2011-02-22 00:00:00,47,54,55,38,55,32,50,56
9772,2010-02-22 00:00:00,30,30,50,55,65,30,30,30
9772,2011-02-22 00:00:00,65,35,65,55,51,55,56,60
9772,2012-02-22 00:00:00,55,48,69,56,54,61,51,57
9772,2013-09-20 00:00:00,65,54,69,56,54,60,58,57
9772,2014-09-19 00:00:00,70,53,65,66,54,60,57,54
9772,2015-09-10 00:00:00,69,53,65,66,54,60,57,54
8658,2010-02-22 00:00:00,70,70,70,70,70,70,70,70
8658,2011-02-22 00:00:00,45,60,35,50,40,30,60,45
8658,2012-02-22 00:00:00,51,55,41,62,56,42,48,54
8658,2013-09-20 00:00:00,56,57,45,71,41,42,44,54
8658,2014-09-19 00:00:00,56,79,77,71,56,42,48,54
8658,2015-09-10 00:00:00,56,75,77,62,64,42,47,54
8655,2010-02-22 00:00:00,55,70,60,70,55,45,70,45
8655,2011-02-22 00:00:00,55,65,50,50,35,45,60,55
8655,2012-02-22 00:00:00,57,57,55,45,40,42,50,38
8655,2013-09-20 00:00:00,44,64,55,52,40,42,50,38
8655,2014-09-19 00:00:00,44,62,63,61,40,50,50,47
8655,2015-09-10 00:00:00,60,65,59,58,42,50,50,57
8483,2010-02-22 00:00:00,70,70,70,70,65,70,70,70
8483,2011-02-22 00:00:00,70,30,65,30,65,45,50,45
8483,2012-02-22 00:00:00,45,52,60,58,58,49,52,54
8483,2013-09-20 00:00:00,45,52,60,58,58,49,52,54
8483,2014-09-19 00:00:00,67,72,70,48,58,39,38,54
8483,2015-09-10 00:00:00,62,64,59,43,64,39,38,54
8613,2015-09-10 00:00:00,47,50,37,38,53,32,62,54
9911,2010-02-22 00:00:00,50,65,55,45,50,40,60,40
9911,2011-02-22 00:00:00,55,56,55,49,52,48,60,56
9911,2012-02-22 00:00:00,40,48,51,54,37,34,53,49
9911,2013-09-20 00:00:00,40,48,51,54,37,40,53,41
9911,2014-09-19 00:00:00,38,48,51,54,36,34,53,49
9911,2015-09-10 00:00:00,69,57,66,40,66,58,47,67
9857,2010-02-22 00:00:00,65,55,30,70,65,55,30,50
9857,2011-02-22 00:00:00,65,35,35,35,50,30,50,50
9857,2012-02-22 00:00:00,40,50,35,35,50,35,45,50
9857,2013-09-20 00:00:00,63,48,49,63,63,43,43,48
9857,2014-09-19 00:00:00,63,48,32,48,52,28,54,48
9857,2015-09-10 00:00:00,63,48,32,48,52,30,54,48
8559,2010-02-22 00:00:00,55,70,70,70,45,35,70,35
8559,2011-02-22 00:00:00,45,70,55,70,50,40,55,50
8559,2012-02-22 00:00:00,57,56,45,54,54,48,48,58
8559,2013-09-20 00:00:00,57,53,42,38,54,39,48,58
8559,2014-09-19 00:00:00,57,73,72,43,56,39,48,58
8559,2015-09-10 00:00:00,57,61,72,60,38,39,48,58
9827,2010-02-22 00:00:00,70,35,70,50,70,55,70,70
9827,2011-02-22 00:00:00,50,35,50,65,65,55,45,65
9827,2012-02-22 00:00:00,49,37,49,64,51,44,46,49
9827,2013-09-20 00:00:00,49,37,49,64,51,44,46,49
9827,2014-09-19 00:00:00,38,36,49,55,51,37,33,49
9827,2015-09-10 00:00:00,51,48,49,63,44,57,52,49
9789,2010-02-22 00:00:00,70,45,70,34,66,54,70,53
9789,2011-02-22 00:00:00,73,43,60,53,64,59,67,46
9789,2012-02-22 00:00:00,71,45,67,44,70,58,69,46
9789,2013-09-20 00:00:00,74,45,70,48,76,60,70,48
9789,2014-09-19 00:00:00,76,61,53,44,73,60,68,43
9789,2015-09-10 00:00:00,71,40,70,44,49,65,71,40
9788,2010-02-22 00:00:00,65,45,50,70,65,55,40,65
9788,2011-02-22 00:00:00,63,46,60,51,61,49,58,49
9788,2012-02-22 00:00:00,57,64,54,48,55,33,43,38
9788,2013-09-20 00:00:00,76,40,66,48,30,33,53,41
9788,2014-09-19 00:00:00,31,32,38,26,49,43,50,41
9788,2015-09-10 00:00:00,31,32,38,26,49,41,48,39
4170,2010-02-22 00:00:00,45,30,35,55,60,70,60,70
4170,2011-02-22 00:00:00,50,35,35,65,65,35,55,65
4170,2012-02-22 00:00:00,49,37,47,57,50,45,44,66
8678,2010-02-22 00:00:00,70,70,70,70,60,70,70,70
8678,2011-02-22 00:00:00,51,66,68,33,47,27,46,48
8678,2012-02-22 00:00:00,46,46,54,60,52,48,50,62
8678,2013-09-20 00:00:00,39,38,54,43,52,48,50,62
8678,2014-09-19 00:00:00,47,48,46,48,41,48,50,62
8678,2015-09-10 00:00:00,47,47,49,45,47,48,50,62
10264,2010-02-22 00:00:00,30,30,55,50,60,30,30,30
10264,2011-02-22 00:00:00,30,30,55,50,60,40,60,50
10264,2012-02-22 00:00:00,53,46,53,53,52,23,48,39
10264,2013-09-20 00:00:00,66,54,53,53,52,25,56,39
10264,2014-09-19 00:00:00,53,55,53,65,39,25,56,39
10264,2015-09-10 00:00:00,55,55,62,65,39,25,56,39
9858,2010-02-22 00:00:00,30,30,35,50,70,45,30,55
9858,2011-02-22 00:00:00,30,50,50,65,65,45,45,55
9858,2012-02-22 00:00:00,35,35,35,20,65,35,45,50
9858,2013-09-20 00:00:00,42,43,45,25,75,41,52,62
9858,2014-09-19 00:00:00,42,27,54,25,75,41,52,57
9858,2015-09-10 00:00:00,42,43,41,48,69,41,52,57
8521,2010-02-22 00:00:00,50,40,30,40,60,70,70,70
8521,2011-02-22 00:00:00,65,35,50,65,50,55,45,65
8521,2012-02-22 00:00:00,64,62,49,53,66,44,34,51
8521,2013-09-20 00:00:00,59,54,49,53,66,44,34,51
8521,2014-09-19 00:00:00,59,54,49,53,66,44,34,51
8521,2015-09-10 00:00:00,59,54,49,53,66,44,34,51
8191,2010-02-22 00:00:00,70,65,70,70,70,65,70,70
8191,2011-02-22 00:00:00,36,52,49,68,55,24,56,66
8191,2012-02-22 00:00:00,48,44,56,58,48,52,50,58
8191,2013-09-20 00:00:00,54,55,56,59,48,48,50,58
8191,2014-09-19 00:00:00,48,74,72,59,58,54,57,58
8191,2015-09-10 00:00:00,54,67,72,57,47,63,62,58
7819,2010-02-22 00:00:00,65,30,50,65,40,70,65,70
7819,2011-02-22 00:00:00,65,35,35,65,65,55,45,65
7819,2012-02-22 00:00:00,48,52,48,54,53,47,45,51
7819,2013-09-20 00:00:00,48,52,48,54,53,47,45,51
7819,2014-09-19 00:00:00,62,45,48,54,53,43,42,51
7819,2015-09-10 00:00:00,62,45,48,54,53,43,42,51
8529,2010-02-22 00:00:00,40,30,30,35,55,40,55,60
8529,2011-02-22 00:00:00,65,50,50,65,50,45,45,51
8529,2012-02-22 00:00:00,40,50,65,50,50,45,45,50
8529,2013-09-20 00:00:00,63,36,66,51,51,46,56,51
8529,2014-09-19 00:00:00,63,53,33,51,68,37,56,51
8529,2015-09-10 00:00:00,67,35,69,58,69,65,65,57
7788,2014-09-19 00:00:00,45,42,46,56,57,42,49,47
7788,2015-09-10 00:00:00,43,57,46,50,38,42,49,47
8344,2010-02-22 00:00:00,65,70,70,70,70,70,70,70
8344,2011-02-22 00:00:00,67,49,67,67,48,46,47,53
8344,2012-02-22 00:00:00,60,64,54,46,54,47,43,56
8344,2013-09-20 00:00:00,60,69,54,59,62,47,43,56
8344,2014-09-19 00:00:00,60,54,52,46,41,33,41,39
8344,2015-09-10 00:00:00,60,67,52,56,46,33,41,39
208931,2014-09-19 00:00:00,32,31,47,36,54,46,44,51
208931,2015-09-10 00:00:00,80,65,70,40,50,25,55,35
8530,2010-02-22 00:00:00,35,30,30,30,60,35,55,50
8530,2011-02-22 00:00:00,65,35,50,65,63,35,55,50
8530,2012-02-22 00:00:00,40,50,50,50,50,25,50,35
8530,2013-09-20 00:00:00,67,37,67,52,52,37,57,52
8530,2014-09-19 00:00:00,75,48,53,52,36,28,67,52
8530,2015-09-10 00:00:00,70,48,53,52,36,31,64,52
9910,2010-02-22 00:00:00,35,30,45,45,70,35,30,50
9910,2011-02-22 00:00:00,43,44,53,45,60,40,41,47
9910,2012-02-22 00:00:00,53,62,59,68,52,42,52,68
9910,2013-09-20 00:00:00,53,62,59,68,52,42,52,68
9910,2014-09-19 00:00:00,53,62,59,68,52,42,52,65
9910,2015-09-10 00:00:00,55,38,41,48,50,55,55,59
9925,2010-02-22 00:00:00,70,70,65,70,70,60,70,70
9925,2011-02-22 00:00:00,54,52,52,67,51,46,46,67
9925,2012-02-22 00:00:00,70,58,54,58,60,50,50,60
9925,2013-09-20 00:00:00,50,53,57,58,60,55,51,60
9925,2014-09-19 00:00:00,70,58,55,61,62,51,54,60
9925,2015-09-10 00:00:00,54,53,51,51,62,58,55,56
9984,2010-02-22 00:00:00,45,35,70,45,55,65,60,70
9984,2011-02-22 00:00:00,50,50,70,65,65,60,50,70
9984,2012-02-22 00:00:00,68,54,55,68,42,59,47,62
9984,2013-09-20 00:00:00,53,40,55,68,42,59,47,62
9984,2014-09-19 00:00:00,53,43,52,58,42,59,47,62
9984,2015-09-10 00:00:00,53,43,52,58,42,59,47,62
9880,2010-02-22 00:00:00,30,30,35,45,65,50,30,50
9880,2011-02-22 00:00:00,50,50,35,35,50,35,55,50
9880,2012-02-22 00:00:00,60,40,50,35,65,35,45,50
9880,2013-09-20 00:00:00,73,44,53,44,73,39,49,57
9880,2014-09-19 00:00:00,73,41,53,44,73,39,49,57
9880,2015-09-10 00:00:00,66,41,53,44,66,39,49,57
8455,2010-02-22 00:00:00,70,60,56,70,70,30,60,35
8455,2011-02-22 00:00:00,60,50,60,60,80,35,55,50
8455,2012-02-22 00:00:00,60,45,55,45,45,60,62,46
8455,2013-09-20 00:00:00,46,41,46,61,63,42,43,46
8455,2014-09-19 00:00:00,67,38,41,61,68,39,41,46
8455,2015-09-10 00:00:00,67,36,41,34,44,39,41,46
8533,2010-02-22 00:00:00,45,30,35,45,65,30,70,65
8533,2011-02-22 00:00:00,45,50,49,45,35,36,70,51
8533,2012-02-22 00:00:00,60,65,50,50,65,25,45,50
8533,2013-09-20 00:00:00,66,67,52,51,66,26,59,51
8533,2014-09-19 00:00:00,66,67,52,66,52,46,59,51
8533,2015-09-10 00:00:00,66,67,52,66,52,46,59,51
8342,2010-02-22 00:00:00,35,40,45,50,45,60,70,70
8342,2011-02-22 00:00:00,67,47,68,49,53,57,44,47
8342,2012-02-22 00:00:00,64,54,48,61,47,60,50,52
8342,2013-09-20 00:00:00,45,48,48,61,47,43,59,45
8342,2014-09-19 00:00:00,42,45,42,57,47,51,50,57
8342,2015-09-10 00:00:00,42,45,42,57,47,51,50,57
7869,2010-02-22 00:00:00,30,30,35,45,60,35,30,40
7869,2011-02-22 00:00:00,39,41,40,42,46,40,38,44
7869,2012-02-22 00:00:00,40,53,40,71,48,36,41,52
7869,2013-09-20 00:00:00,40,53,40,71,48,36,41,52
7869,2014-09-19 00:00:00,40,53,40,66,48,36,41,52
7869,2015-09-10 00:00:00,53,48,55,59,57,38,39,52
2186,2010-02-22 00:00:00,30,45,40,35,65,70,70,65
2186,2011-02-22 00:00:00,46,51,48,48,52,48,33,63
2186,2012-02-22 00:00:00,57,59,57,33,78,59,51,53
2186,2014-09-19 00:00:00,37,38,66,66,33,59,34,64
2186,2015-09-10 00:00:00,37,38,66,66,33,59,34,64
9826,2010-02-22 00:00:00,70,70,70,70,65,65,60,60
9826,2011-02-22 00:00:00,53,54,69,48,52,48,43,33
9826,2012-02-22 00:00:00,43,46,69,66,47,44,27,53
9826,2013-09-20 00:00:00,52,47,69,66,47,36,33,53
9826,2014-09-19 00:00:00,61,68,67,62,52,36,34,48
9826,2015-09-10 00:00:00,61,67,67,69,50,36,34,41
8262,2015-09-10 00:00:00,59,77,52,77,45,32,56,41
8526,2011-02-22 00:00:00,30,40,43,45,65,42,45,50
8526,2012-02-22 00:00:00,37,41,47,40,63,52,43,41
9783,2010-02-22 00:00:00,30,30,30,45,65,35,35,45
9783,2011-02-22 00:00:00,56,42,57,69,61,38,44,69
9783,2012-02-22 00:00:00,56,46,38,52,68,45,50,59
9783,2013-09-20 00:00:00,56,46,38,52,68,45,50,59
9783,2014-09-19 00:00:00,56,46,38,52,68,45,50,59
9783,2015-09-10 00:00:00,53,47,38,52,55,45,50,59
9836,2010-02-22 00:00:00,55,40,40,40,55,30,60,30
9836,2011-02-22 00:00:00,65,50,50,65,50,35,45,50
9836,2012-02-22 00:00:00,51,49,49,52,52,45,46,58
9836,2013-09-20 00:00:00,51,49,49,52,52,45,46,58
9836,2014-09-19 00:00:00,51,49,49,52,52,45,46,58
9836,2015-09-10 00:00:00,51,49,49,52,52,45,46,58
8284,2013-09-20 00:00:00,50,49,38,60,53,48,47,59
8284,2015-09-10 00:00:00,47,48,32,61,65,50,44,52
9938,2010-02-22 00:00:00,70,70,65,70,70,60,70,70
9938,2011-02-22 00:00:00,68,53,67,53,67,57,57,63
9938,2012-02-22 00:00:00,60,60,50,50,35,40,38,52
9938,2013-09-20 00:00:00,53,52,55,53,42,41,41,52
9938,2014-09-19 00:00:00,60,60,52,55,38,41,40,52
9938,2015-09-10 00:00:00,60,53,55,49,45,48,42,53
8457,2012-02-22 00:00:00,55,60,46,68,54,42,43,63
8372,2014-09-19 00:00:00,62,52,60,55,64,37,56,49
8372,2015-09-10 00:00:00,62,52,59,55,52,37,56,49
9776,2012-02-22 00:00:00,64,54,52,66,62,54,42,48
9776,2013-09-20 00:00:00,68,54,62,66,67,57,47,53
9776,2014-09-19 00:00:00,61,62,59,43,55,30,40,39
9776,2015-09-10 00:00:00,66,54,62,59,51,57,47,53
9810,2010-02-22 00:00:00,60,35,35,70,60,65,30,45
9810,2011-02-22 00:00:00,52,43,62,62,41,48,50,53
9810,2012-02-22 00:00:00,38,34,47,45,48,46,45,54
9810,2013-09-20 00:00:00,41,34,47,45,48,46,45,57
9810,2014-09-19 00:00:00,63,42,57,50,52,43,46,55
9810,2015-09-10 00:00:00,51,38,47,58,40,48,42,55
10268,2010-02-22 00:00:00,30,30,45,50,70,50,45,45
10268,2011-02-22 00:00:00,43,39,52,43,46,40,39,51
10268,2012-02-22 00:00:00,55,73,53,54,57,49,51,58
10268,2013-09-20 00:00:00,55,73,53,54,57,49,51,58
10268,2014-09-19 00:00:00,55,69,53,54,57,49,51,58
10268,2015-09-10 00:00:00,51,48,53,54,57,49,51,58
8534,2010-02-22 00:00:00,30,30,30,30,55,30,30,30
8534,2011-02-22 00:00:00,50,35,50,50,55,45,45,47
8534,2012-02-22 00:00:00,50,50,50,50,50,35,45,50
8534,2013-09-20 00:00:00,51,54,53,54,62,39,50,59
8534,2014-09-19 00:00:00,63,39,66,67,51,53,57,54
8534,2015-09-10 00:00:00,66,36,59,64,63,46,66,48
8398,2010-02-22 00:00:00,45,55,30,55,45,68,70,68
8398,2011-02-22 00:00:00,64,55,71,38,52,58,48,40
8398,2012-02-22 00:00:00,50,48,47,67,53,57,47,52
8398,2013-09-20 00:00:00,50,48,47,67,53,57,47,52
8398,2014-09-19 00:00:00,39,40,52,67,56,47,55,52
8558,2010-02-22 00:00:00,55,40,70,55,70,70,50,60
8558,2011-02-22 00:00:00,68,55,72,70,54,51,58,56
8558,2012-02-22 00:00:00,46,44,52,60,40,37,40,45
8558,2013-09-20 00:00:00,50,44,52,60,40,37,40,45
8558,2014-09-19 00:00:00,50,44,52,60,40,37,40,45
8558,2015-09-10 00:00:00,50,44,52,60,40,37,40,45
7842,2013-09-20 00:00:00,66,52,47,53,39,46,49,55
7842,2014-09-19 00:00:00,66,52,47,53,39,46,49,55
7842,2015-09-10 00:00:00,59,52,47,53,39,46,49,55
6351,2011-02-22 00:00:00,50,55,50,55,55,50,50,55
8668,2010-02-22 00:00:00,60,65,60,70,45,40,70,40
8668,2011-02-22 00:00:00,60,50,55,70,55,55,65,60
8668,2012-02-22 00:00:00,56,56,48,57,56,50,50,60
8668,2013-09-20 00:00:00,58,62,48,59,32,41,44,59
8668,2014-09-19 00:00:00,61,42,39,59,48,52,58,60
8668,2015-09-10 00:00:00,43,40,39,33,63,52,58,59
4087,2011-02-22 00:00:00,35,65,50,65,65,45,55,65
4087,2012-02-22 00:00:00,53,44,52,52,64,47,56,50
4087,2013-09-20 00:00:00,53,44,52,52,64,47,56,50
4087,2014-09-19 00:00:00,61,44,52,61,48,47,56,50
4087,2015-09-10 00:00:00,58,56,52,61,51,47,43,50
10218,2011-02-22 00:00:00,73,59,77,33,52,25,47,33
10218,2012-02-22 00:00:00,47,52,63,45,37,23,30,32
10218,2015-09-10 00:00:00,53,69,48,45,43,29,41,36
8596,2010-02-22 00:00:00,70,70,60,70,70,60,70,70
8722,2010-02-22 00:00:00,55,65,65,40,60,45,55,70
8722,2011-02-22 00:00:00,58,71,42,39,50,40,40,56
8722,2012-02-22 00:00:00,53,53,57,44,57,43,55,67
8722,2013-09-20 00:00:00,60,56,57,44,57,43,55,67
8722,2014-09-19 00:00:00,59,57,53,47,59,57,46,54
8722,2015-09-10 00:00:00,59,65,57,36,71,42,56,51
6631,2015-09-10 00:00:00,39,62,62,66,48,51,58,55
8674,2010-02-22 00:00:00,41,32,40,47,69,30,30,30
8674,2011-02-22 00:00:00,51,39,48,67,62,43,44,49
8674,2012-02-22 00:00:00,44,41,48,64,42,49,47,53
8674,2013-09-20 00:00:00,44,44,56,58,42,49,47,53
8674,2014-09-19 00:00:00,48,38,57,59,45,49,47,53
8674,2015-09-10 00:00:00,55,55,57,59,54,49,47,53
9773,2010-02-22 00:00:00,30,30,60,60,60,30,30,30
9773,2011-02-22 00:00:00,50,50,50,65,65,55,43,65
9773,2012-02-22 00:00:00,52,53,56,72,68,61,49,60
9773,2013-09-20 00:00:00,52,53,56,72,68,58,60,57
9773,2014-09-19 00:00:00,52,53,56,66,68,58,60,60
9773,2015-09-10 00:00:00,70,53,56,66,68,58,60,60
9908,2010-02-22 00:00:00,45,45,33,50,67,30,30,30
9908,2011-02-22 00:00:00,66,45,41,69,72,34,57,34
9908,2012-02-22 00:00:00,47,52,52,54,52,45,49,47
9908,2013-09-20 00:00:00,47,52,52,54,60,45,49,47
9908,2014-09-19 00:00:00,50,52,55,49,52,45,49,47
9908,2015-09-10 00:00:00,50,54,55,64,28,54,58,47
9824,2015-09-10 00:00:00,53,56,38,53,46,42,33,58
10243,2010-02-22 00:00:00,45,60,45,70,50,50,55,50
10243,2011-02-22 00:00:00,48,56,49,61,55,54,49,60
10243,2012-02-22 00:00:00,62,46,50,50,54,47,43,56
10243,2013-09-20 00:00:00,62,46,50,50,54,47,43,56
10243,2014-09-19 00:00:00,62,46,47,50,54,47,43,56
10243,2015-09-10 00:00:00,62,46,47,50,54,47,43,56
10235,2010-02-22 00:00:00,30,30,44,41,46,30,30,30
10235,2011-02-22 00:00:00,47,53,43,33,32,48,59,53
10235,2012-02-22 00:00:00,38,34,60,44,50,43,43,54
10235,2013-09-20 00:00:00,44,44,48,62,50,43,43,40
10235,2014-09-19 00:00:00,54,60,48,67,50,43,43,40
10235,2015-09-10 00:00:00,50,48,48,67,31,43,46,40
8535,2010-02-22 00:00:00,67,30,50,60,60,45,30,60
8535,2011-02-22 00:00:00,49,50,50,60,60,45,45,50
8535,2012-02-22 00:00:00,45,50,65,50,50,45,45,50
8535,2013-09-20 00:00:00,53,51,64,51,53,47,47,51
8535,2014-09-19 00:00:00,34,33,68,51,53,58,59,67
8535,2015-09-10 00:00:00,34,33,68,51,53,58,59,61
8194,2010-02-22 00:00:00,65,35,70,50,52,45,70,54
8194,2011-02-22 00:00:00,51,38,52,40,54,46,59,34
8194,2012-02-22 00:00:00,67,47,67,68,55,56,57,52
8194,2013-09-20 00:00:00,41,69,55,68,52,24,48,45
8194,2014-09-19 00:00:00,72,57,55,49,37,47,48,50
8194,2015-09-10 00:00:00,47,47,55,68,55,56,57,52
8358,2010-02-22 00:00:00,50,30,30,70,60,55,50,50
8358,2011-02-22 00:00:00,50,47,47,41,34,41,42,50
8358,2012-02-22 00:00:00,52,61,62,50,42,30,50,39
8358,2013-09-20 00:00:00,59,38,55,39,43,53,62,37
8358,2014-09-19 00:00:00,39,48,55,33,44,59,60,39
8358,2015-09-10 00:00:00,59,38,55,44,45,53,62,29
9891,2010-02-22 00:00:00,30,30,30,45,65,30,30,65
9891,2011-02-22 00:00:00,70,48,46,45,65,61,67,65
9891,2015-09-10 00:00:00,63,46,51,50,50,55,57,47
9879,2010-02-22 00:00:00,60,70,70,70,50,40,35,40
9879,2011-02-22 00:00:00,50,55,45,55,40,45,35,50
9879,2012-02-22 00:00:00,48,45,38,62,54,38,38,62
9879,2013-09-20 00:00:00,52,49,49,56,59,39,39,57
9879,2014-09-19 00:00:00,52,56,58,41,54,29,28,39
9879,2015-09-10 00:00:00,52,48,39,54,59,29,30,39
9987,2010-02-22 00:00:00,45,45,50,35,60,70,65,70
9987,2011-02-22 00:00:00,66,52,65,66,51,48,47,54
9987,2012-02-22 00:00:00,53,55,55,48,56,47,45,55
9987,2013-09-20 00:00:00,58,38,67,48,56,47,45,55
9987,2014-09-19 00:00:00,58,38,67,48,56,47,45,55
9987,2015-09-10 00:00:00,58,38,30,69,56,36,57,70
10233,2010-02-22 00:00:00,70,50,70,40,65,40,65,30
10233,2011-02-22 00:00:00,65,35,50,50,50,54,65,35
10233,2012-02-22 00:00:00,50,50,50,50,50,45,45,50
10233,2013-09-20 00:00:00,64,38,66,67,49,46,47,53
10233,2014-09-19 00:00:00,64,68,66,53,49,23,47,53
10233,2015-09-10 00:00:00,64,68,66,45,23,27,47,53
9991,2010-02-22 00:00:00,70,65,60,50,60,45,50,40
9991,2011-02-22 00:00:00,55,55,54,74,56,61,39,38
9991,2012-02-22 00:00:00,50,47,55,66,47,48,45,52
9991,2013-09-20 00:00:00,50,37,28,66,34,50,53,40
9991,2014-09-19 00:00:00,50,37,28,66,34,55,59,52
9991,2015-09-10 00:00:00,50,37,42,66,34,49,54,52
8305,2010-02-22 00:00:00,30,35,35,50,70,40,30,50
8305,2011-02-22 00:00:00,54,45,38,54,57,59,39,66
8305,2012-02-22 00:00:00,25,40,58,42,52,49,45,47
8305,2013-09-20 00:00:00,29,40,58,42,52,49,45,47
8305,2014-09-19 00:00:00,35,40,58,42,52,49,45,47
8305,2015-09-10 00:00:00,34,38,55,39,49,43,42,49
6391,2013-09-20 00:00:00,61,52,55,66,58,47,46,53
6391,2015-09-10 00:00:00,48,52,55,53,55,42,46,53
9764,2012-02-22 00:00:00,46,41,54,52,46,39,57,53
9764,2013-09-20 00:00:00,46,41,54,52,46,39,57,53
9764,2014-09-19 00:00:00,65,41,54,47,46,39,40,53
9764,2015-09-10 00:00:00,68,41,54,47,46,39,40,53
8569,2010-02-22 00:00:00,30,50,45,40,70,65,70,65
8569,2011-02-22 00:00:00,47,27,45,51,54,48,60,37
8569,2012-02-22 00:00:00,52,67,52,73,50,47,45,35
8569,2013-09-20 00:00:00,52,43,52,37,50,47,45,40
8569,2015-09-10 00:00:00,52,43,52,37,50,47,45,40
6433,2014-09-19 00:00:00,55,42,37,42,53,43,47,51
6433,2015-09-10 00:00:00,58,64,37,42,52,43,47,51
8019,2015-09-10 00:00:00,41,59,41,44,54,52,47,50
8020,2010-02-22 00:00:00,30,50,45,35,70,60,70,55
8020,2011-02-22 00:00:00,46,38,36,33,53,53,54,55
7878,2011-02-22 00:00:00,53,52,54,59,55,54,49,67
7878,2012-02-22 00:00:00,48,37,72,76,52,49,45,68
7878,2013-09-20 00:00:00,52,37,72,76,52,49,45,68
7878,2014-09-19 00:00:00,52,37,67,68,52,49,45,64
7878,2015-09-10 00:00:00,57,59,61,63,51,48,45,62
9956,2010-02-22 00:00:00,30,50,55,70,55,40,60,60
9956,2011-02-22 00:00:00,67,53,55,66,63,43,48,62
9956,2012-02-22 00:00:00,50,54,52,54,46,36,43,47
9956,2013-09-20 00:00:00,50,54,52,54,46,36,43,47
9956,2014-09-19 00:00:00,50,54,52,54,46,36,43,47
9956,2015-09-10 00:00:00,50,54,52,54,46,36,43,47
9855,2010-02-22 00:00:00,70,70,65,60,70,70,55,70
9855,2011-02-22 00:00:00,50,50,50,50,50,45,45,50
8357,2010-02-22 00:00:00,55,45,30,70,70,40,55,60
8357,2011-02-22 00:00:00,59,40,56,54,48,59,46,53
8357,2012-02-22 00:00:00,68,45,54,44,43,48,56,66
8357,2013-09-20 00:00:00,57,53,54,49,46,36,56,33
8357,2014-09-19 00:00:00,66,38,56,40,52,49,48,62
8357,2015-09-10 00:00:00,54,53,54,49,46,48,56,66
9747,2010-02-22 00:00:00,35,30,45,55,70,30,65,30
9747,2012-02-22 00:00:00,52,48,53,49,48,33,43,49
9747,2013-09-20 00:00:00,52,48,53,49,59,46,43,49
9747,2014-09-19 00:00:00,63,48,53,49,48,43,47,49
9747,2015-09-10 00:00:00,63,58,42,56,36,49,47,49
9790,2010-02-22 00:00:00,70,60,70,60,70,70,45,60
9790,2011-02-22 00:00:00,52,29,61,58,54,60,55,52
9790,2012-02-22 00:00:00,46,40,60,55,39,55,47,48
9790,2013-09-20 00:00:00,34,38,34,59,48,45,35,58
9790,2014-09-19 00:00:00,45,58,60,73,62,45,32,63
9790,2015-09-10 00:00:00,42,52,62,58,47,44,41,49
8429,2010-02-22 00:00:00,70,70,70,70,60,60,65,70
8429,2011-02-22 00:00:00,66,52,52,53,34,46,47,52
8429,2015-09-10 00:00:00,48,47,73,53,71,55,48,52
9904,2010-02-22 00:00:00,55,70,65,45,65,70,70,70
9904,2011-02-22 00:00:00,55,56,55,43,53,39,37,53
9904,2012-02-22 00:00:00,65,58,63,44,64,39,45,47
9904,2013-09-20 00:00:00,78,58,66,39,41,39,48,47
9904,2014-09-19 00:00:00,48,38,38,51,40,37,48,56
9904,2015-09-10 00:00:00,48,41,38,51,40,35,50,61
9860,2010-02-22 00:00:00,70,70,70,70,70,60,70,70
9860,2011-02-22 00:00:00,66,53,53,68,66,56,68,66
9860,2012-02-22 00:00:00,55,62,55,60,60,50,52,57
9860,2013-09-20 00:00:00,52,53,59,60,64,52,53,57
9860,2014-09-19 00:00:00,55,62,55,61,60,49,52,57
9791,2010-02-22 00:00:00,30,45,31,43,59,30,30,30
9791,2011-02-22 00:00:00,69,45,40,70,45,36,66,34
9791,2012-02-22 00:00:00,43,27,55,58,60,33,43,47
9791,2013-09-20 00:00:00,39,32,40,42,66,47,43,47
9791,2014-09-19 00:00:00,46,32,48,58,59,60,62,47
9791,2015-09-10 00:00:00,50,61,48,58,59,60,62,47
10278,2010-02-22 00:00:00,40,30,50,35,70,35,35,50
10278,2011-02-22 00:00:00,54,55,53,40,59,48,58,53
10278,2012-02-22 00:00:00,53,54,60,58,60,50,52,58
10278,2013-09-20 00:00:00,53,54,60,58,60,50,52,58
10278,2014-09-19 00:00:00,53,54,60,58,60,50,52,58
8177,2010-02-22 00:00:00,60,50,45,55,55,55,30,55
8177,2011-02-22 00:00:00,59,43,56,50,66,50,43,55
8177,2012-02-22 00:00:00,48,45,45,51,46,50,50,55
8177,2013-09-20 00:00:00,40,55,63,46,63,50,38,55
8177,2014-09-19 00:00:00,68,55,51,59,59,41,60,51
8177,2015-09-10 00:00:00,47,55,59,68,45,50,45,57
10251,2010-02-22 00:00:00,70,70,60,70,70,60,70,70
10251,2011-02-22 00:00:00,48,51,52,64,52,47,47,51
10251,2012-02-22 00:00:00,55,44,46,48,44,42,40,40
10251,2013-09-20 00:00:00,60,46,58,48,44,47,46,60
10251,2014-09-19 00:00:00,55,44,47,43,49,43,41,40
8226,2010-02-22 00:00:00,70,30,70,55,55,65,70,65
8226,2011-02-22 00:00:00,75,35,72,51,68,68,50,52
8226,2012-02-22 00:00:00,61,53,42,62,54,47,59,40
8226,2013-09-20 00:00:00,32,53,36,62,64,47,52,45
8226,2014-09-19 00:00:00,68,63,68,38,55,56,57,54
8226,2015-09-10 00:00:00,69,53,66,62,59,63,61,38
8667,2010-02-22 00:00:00,65,60,70,70,55,70,70,70
8667,2011-02-22 00:00:00,49,52,64,64,37,46,46,67
8667,2012-02-22 00:00:00,61,48,38,60,54,38,42,46
8667,2013-09-20 00:00:00,63,48,38,60,54,34,37,46
8667,2014-09-19 00:00:00,56,51,54,60,48,38,37,46
8667,2015-09-10 00:00:00,56,55,54,49,56,38,37,46
8234,2011-02-22 00:00:00,47,54,54,51,46,37,50,53
8234,2012-02-22 00:00:00,55,46,47,53,51,33,42,49
8234,2013-09-20 00:00:00,55,46,47,53,51,33,42,49
8234,2014-09-19 00:00:00,54,47,53,33,52,42,36,49
8234,2015-09-10 00:00:00,55,46,47,53,51,37,48,49
8636,2010-02-22 00:00:00,55,55,50,55,70,50,60,55
8636,2011-02-22 00:00:00,55,50,50,55,65,50,60,55
8636,2012-02-22 00:00:00,45,50,65,50,65,35,55,35
8636,2013-09-20 00:00:00,67,67,68,52,66,36,57,38
8636,2014-09-19 00:00:00,67,67,68,69,66,23,57,34
8636,2015-09-10 00:00:00,58,54,56,60,53,47,49,63
8066,2011-02-22 00:00:00,36,67,66,37,51,37,57,36
8066,2012-02-22 00:00:00,61,59,48,52,54,40,40,46
8066,2013-09-20 00:00:00,35,54,56,54,61,47,46,46
8066,2014-09-19 00:00:00,61,59,50,57,55,43,41,46
8066,2015-09-10 00:00:00,48,32,57,48,69,44,44,51
1957,2010-02-22 00:00:00,30,50,45,35,70,70,70,70
1957,2011-02-22 00:00:00,33,52,48,39,64,32,56,52
1957,2012-02-22 00:00:00,58,69,53,42,68,40,50,51
1957,2013-09-20 00:00:00,58,69,53,42,68,40,50,51
1957,2014-09-19 00:00:00,38,38,53,27,66,57,56,49
1957,2015-09-10 00:00:00,66,38,53,33,66,57,56,49
9885,2010-02-22 00:00:00,45,35,45,55,70,50,35,70
9885,2011-02-22 00:00:00,65,50,50,77,50,55,55,35
9885,2012-02-22 00:00:00,50,35,65,65,50,35,55,35
9885,2013-09-20 00:00:00,39,33,51,63,72,66,67,36
9885,2014-09-19 00:00:00,26,24,64,53,72,23,67,36
9885,2015-09-10 00:00:00,50,20,65,50,80,35,65,35
8350,2010-02-22 00:00:00,45,55,45,70,70,70,70,70
8350,2011-02-22 00:00:00,48,42,49,68,53,38,48,53
8350,2012-02-22 00:00:00,38,54,43,49,64,37,51,53
8350,2013-09-20 00:00:00,61,54,43,62,56,48,50,53
8350,2014-09-19 00:00:00,66,53,54,69,51,47,47,49
8350,2015-09-10 00:00:00,49,52,49,54,64,41,51,53
8295,2010-02-22 00:00:00,70,35,70,65,70,65,40,65
8295,2011-02-22 00:00:00,53,55,71,56,56,52,46,47
8295,2012-02-22 00:00:00,54,47,53,44,49,34,46,39
8295,2014-09-19 00:00:00,56,53,53,46,49,32,46,37
8295,2015-09-10 00:00:00,54,47,53,44,49,34,46,39
8597,2010-02-22 00:00:00,70,70,70,70,65,60,70,70
8597,2011-02-22 00:00:00,36,36,37,52,51,48,43,48
8597,2012-02-22 00:00:00,56,61,55,48,46,43,43,52
8597,2013-09-20 00:00:00,53,54,55,50,49,47,49,52
8597,2014-09-19 00:00:00,56,61,56,48,46,44,44,52
8597,2015-09-10 00:00:00,50,60,49,62,47,46,46,52
8245,2010-02-22 00:00:00,30,45,45,35,70,50,70,50
8245,2011-02-22 00:00:00,67,66,49,49,69,57,48,67
8245,2012-02-22 00:00:00,75,62,48,53,68,58,43,65
8245,2013-09-20 00:00:00,70,50,48,53,68,58,43,60
8245,2014-09-19 00:00:00,73,50,64,53,36,30,43,62
8245,2015-09-10 00:00:00,59,50,64,53,36,30,43,62
8571,2010-02-22 00:00:00,50,60,50,50,50,60,60,65
8571,2011-02-22 00:00:00,38,65,38,69,52,34,57,47
8571,2012-02-22 00:00:00,31,47,37,67,50,46,45,52
8571,2013-09-20 00:00:00,42,40,37,67,30,46,45,52
8571,2014-09-19 00:00:00,42,47,37,67,30,46,45,52
8571,2015-09-10 00:00:00,42,47,37,67,30,46,45,52
8203,2010-02-22 00:00:00,65,60,50,40,50,60,70,60
8203,2011-02-22 00:00:00,67,57,47,47,52,48,61,48
8203,2012-02-22 00:00:00,52,54,47,53,50,52,60,48
8203,2013-09-20 00:00:00,52,33,47,53,50,42,60,52
8203,2014-09-19 00:00:00,52,40,47,53,50,42,51,52
8203,2015-09-10 00:00:00,52,40,47,53,50,42,51,52
8306,2010-02-22 00:00:00,30,30,45,40,70,35,45,45
8306,2011-02-22 00:00:00,54,56,67,61,59,48,56,67
8306,2012-02-22 00:00:00,48,44,53,42,53,53,39,57
8306,2013-09-20 00:00:00,48,44,53,42,53,53,39,57
8306,2014-09-19 00:00:00,48,44,53,42,53,53,39,57
8306,2015-09-10 00:00:00,48,44,53,42,53,53,39,57
7730,2010-02-22 00:00:00,30,60,40,60,60,55,60,50
7730,2012-02-22 00:00:00,37,49,52,60,48,43,43,55
7730,2013-09-20 00:00:00,51,49,52,60,48,43,43,55
7730,2014-09-19 00:00:00,37,49,52,60,52,46,44,55
8543,2010-02-22 00:00:00,60,50,50,40,70,55,50,70
8543,2011-02-22 00:00:00,60,35,50,35,51,45,50,35
8543,2012-02-22 00:00:00,45,50,65,50,50,35,45,50
8543,2013-09-20 00:00:00,51,54,68,52,69,59,53,54
8543,2014-09-19 00:00:00,49,54,68,63,69,59,53,54
8543,2015-09-10 00:00:00,68,55,68,80,72,59,66,65
9746,2010-02-22 00:00:00,55,45,40,50,65,30,70,30
9746,2011-02-22 00:00:00,50,50,65,50,65,45,45,65
9746,2012-02-22 00:00:00,46,52,49,54,52,47,55,66
9746,2013-09-20 00:00:00,46,52,49,54,52,47,55,52
9746,2014-09-19 00:00:00,46,52,49,54,52,47,55,52
9746,2015-09-10 00:00:00,46,52,49,54,52,47,55,52
8682,2010-02-22 00:00:00,70,45,65,60,65,70,60,70
8682,2011-02-22 00:00:00,65,50,65,65,65,60,55,35
8682,2012-02-22 00:00:00,58,47,49,68,50,47,44,51
8682,2013-09-20 00:00:00,58,47,49,68,50,47,44,51
9888,2010-02-22 00:00:00,40,30,45,60,70,30,70,65
9888,2011-02-22 00:00:00,50,50,50,60,52,30,55,65
9888,2012-02-22 00:00:00,45,50,50,50,35,35,55,50
2182,2010-02-22 00:00:00,40,35,45,40,70,60,55,45
2182,2011-02-22 00:00:00,64,57,68,48,70,59,37,48
2182,2012-02-22 00:00:00,67,54,56,62,67,47,47,63
2182,2013-09-20 00:00:00,67,54,56,62,67,47,47,63
2182,2014-09-19 00:00:00,67,54,56,62,67,47,47,63
2182,2015-09-10 00:00:00,57,40,59,70,67,50,58,45
8030,2010-02-22 00:00:00,30,45,45,35,70,70,70,65
8030,2011-02-22 00:00:00,63,37,68,30,52,46,60,47
8030,2012-02-22 00:00:00,44,52,50,53,68,49,48,65
8030,2013-09-20 00:00:00,44,52,50,53,68,49,59,60
8030,2014-09-19 00:00:00,62,52,50,63,52,37,58,63
8030,2015-09-10 00:00:00,62,52,66,59,58,51,58,40
8673,2010-02-22 00:00:00,30,35,55,45,70,65,70,60
8673,2011-02-22 00:00:00,67,35,55,36,53,59,48,66
8673,2012-02-22 00:00:00,69,55,52,40,53,59,49,67
8673,2013-09-20 00:00:00,69,55,52,40,53,59,49,63
8673,2014-09-19 00:00:00,54,36,52,51,64,47,46,66
8673,2015-09-10 00:00:00,54,36,52,51,64,50,60,58
8197,2010-02-22 00:00:00,70,70,70,70,45,70,70,70
8197,2011-02-22 00:00:00,36,52,36,52,52,51,34,48
8197,2012-02-22 00:00:00,45,48,48,56,56,48,52,54
8197,2013-09-20 00:00:00,45,48,48,56,56,48,52,54
8197,2014-09-19 00:00:00,63,48,47,62,69,58,62,54
8197,2015-09-10 00:00:00,63,60,47,64,46,58,65,55
6421,2010-02-22 00:00:00,30,30,50,50,65,30,30,30
8588,2010-02-22 00:00:00,30,30,60,50,70,70,60,70
8588,2011-02-22 00:00:00,65,50,50,65,65,45,55,50
8588,2012-02-22 00:00:00,64,49,49,53,34,46,44,49
8588,2013-09-20 00:00:00,64,49,49,53,37,42,44,49
8588,2014-09-19 00:00:00,64,49,49,53,34,46,44,49
8588,2015-09-10 00:00:00,64,50,49,53,46,46,44,49
8581,2010-02-22 00:00:00,30,30,45,40,70,30,35,50
8581,2011-02-22 00:00:00,68,56,69,55,58,37,47,54
8581,2012-02-22 00:00:00,53,63,55,61,52,47,52,56
8581,2013-09-20 00:00:00,57,63,55,61,52,47,52,56
8581,2014-09-19 00:00:00,57,63,55,61,52,47,52,56
8581,2015-09-10 00:00:00,62,65,71,42,65,36,33,42
9989,2011-02-22 00:00:00,48,65,55,45,50,46,48,45
9989,2012-02-22 00:00:00,69,58,56,52,61,45,49,65
9989,2013-09-20 00:00:00,69,58,56,52,61,38,49,65
9989,2014-09-19 00:00:00,69,58,56,52,61,38,49,65
9989,2015-09-10 00:00:00,69,58,56,52,61,38,49,65
8639,2010-02-22 00:00:00,70,60,50,45,55,55,70,55
8639,2011-02-22 00:00:00,65,65,50,80,50,55,55,35
8639,2012-02-22 00:00:00,34,23,63,52,49,58,56,48
8639,2013-09-20 00:00:00,34,42,63,52,49,47,42,48
8639,2014-09-19 00:00:00,45,42,68,52,49,59,42,48
8639,2015-09-10 00:00:00,45,43,68,52,64,59,42,48
8650,2010-02-22 00:00:00,50,35,50,60,70,40,60,40
8650,2011-02-22 00:00:00,60,50,40,45,60,55,55,50
8650,2012-02-22 00:00:00,60,60,48,73,53,50,48,62
8650,2013-09-20 00:00:00,39,44,42,34,54,59,52,61
8650,2014-09-19 00:00:00,71,32,34,41,61,51,48,62
8650,2015-09-10 00:00:00,66,45,34,34,46,51,52,61
8537,2010-02-22 00:00:00,30,30,30,30,55,30,30,30
8537,2011-02-22 00:00:00,65,50,30,65,65,45,60,30
8537,2012-02-22 00:00:00,50,50,35,50,50,35,45,35
8537,2013-09-20 00:00:00,58,55,52,57,63,58,49,56
8537,2014-09-19 00:00:00,58,67,38,23,77,29,57,32
8537,2015-09-10 00:00:00,58,67,38,27,69,31,57,38
8244,2011-02-22 00:00:00,63,48,48,68,53,37,58,63
8244,2012-02-22 00:00:00,66,72,70,61,54,32,32,62
8244,2013-09-20 00:00:00,66,59,43,61,54,32,43,46
8244,2014-09-19 00:00:00,66,72,66,67,51,36,38,65
9994,2010-02-22 00:00:00,60,60,50,40,50,65,65,70
9994,2011-02-22 00:00:00,66,53,48,46,52,48,58,55
9994,2012-02-22 00:00:00,67,52,51,50,50,45,52,52
9994,2013-09-20 00:00:00,67,52,31,50,50,45,52,52
9994,2014-09-19 00:00:00,62,52,42,50,62,45,52,52
9994,2015-09-10 00:00:00,62,52,42,50,62,45,52,52
8689,2010-02-22 00:00:00,45,70,30,50,40,70,60,70
8689,2011-02-22 00:00:00,35,35,80,50,50,55,35,65
8689,2012-02-22 00:00:00,60,42,48,53,64,43,47,48
8689,2013-09-20 00:00:00,60,42,48,53,64,43,47,48
8689,2014-09-19 00:00:00,60,42,48,53,64,43,47,48
8689,2015-09-10 00:00:00,57,50,48,53,46,51,56,55
10199,2010-02-22 00:00:00,45,60,45,70,60,40,45,50
10199,2011-02-22 00:00:00,48,57,63,34,64,56,45,52
10199,2012-02-22 00:00:00,46,48,51,53,55,48,47,50
10199,2013-09-20 00:00:00,46,48,51,53,55,48,47,50
10199,2014-09-19 00:00:00,63,51,54,40,66,48,53,50
10199,2015-09-10 00:00:00,63,51,54,40,66,48,53,50
9748,2010-02-22 00:00:00,60,40,70,45,70,70,60,70
9748,2011-02-22 00:00:00,65,50,50,50,80,45,45,65
9748,2012-02-22 00:00:00,49,52,49,54,67,46,47,47
9748,2013-09-20 00:00:00,49,52,49,54,67,46,47,47
9748,2014-09-19 00:00:00,49,52,49,54,67,46,47,47
9748,2015-09-10 00:00:00,49,52,49,54,67,46,47,47
9905,2010-02-22 00:00:00,45,40,45,70,70,50,70,50
9905,2011-02-22 00:00:00,65,50,59,62,53,57,53,43
9905,2012-02-22 00:00:00,68,57,55,39,60,52,65,53
9905,2013-09-20 00:00:00,66,52,55,37,56,48,65,53
9905,2014-09-19 00:00:00,67,57,55,38,44,53,60,52
9905,2015-09-10 00:00:00,60,53,49,40,44,55,62,47
9864,2010-02-22 00:00:00,60,55,40,45,70,45,65,45
9864,2011-02-22 00:00:00,58,54,54,55,61,45,47,54
9864,2012-02-22 00:00:00,41,36,72,69,50,64,58,42
9864,2013-09-20 00:00:00,45,36,72,69,50,64,58,42
9864,2014-09-19 00:00:00,45,36,69,69,50,64,58,42
9864,2015-09-10 00:00:00,42,36,41,40,50,47,37,52
8661,2010-02-22 00:00:00,40,40,50,40,50,45,40,45
8661,2011-02-22 00:00:00,53,52,55,52,53,47,48,55
8661,2012-02-22 00:00:00,58,57,53,57,53,59,41,56
8661,2013-09-20 00:00:00,62,57,53,57,53,59,41,56
8661,2014-09-19 00:00:00,62,57,53,57,53,59,41,56
8661,2015-09-10 00:00:00,62,57,53,57,53,59,41,56
8456,2010-02-22 00:00:00,70,60,55,70,70,45,55,45
8456,2011-02-22 00:00:00,70,60,70,65,75,65,65,50
8456,2012-02-22 00:00:00,45,55,40,38,48,50,60,54
8456,2013-09-20 00:00:00,36,34,39,44,38,42,44,54
8456,2014-09-19 00:00:00,59,29,32,49,62,42,44,54
8456,2015-09-10 00:00:00,59,29,38,36,24,48,47,54
10260,2010-02-22 00:00:00,70,45,45,70,65,40,50,40
10260,2011-02-22 00:00:00,65,40,65,65,70,45,45,65
10260,2012-02-22 00:00:00,46,54,46,60,55,40,50,56
10260,2013-09-20 00:00:00,46,38,46,68,37,49,49,56
10260,2014-09-19 00:00:00,46,54,49,72,56,42,41,56
10260,2015-09-10 00:00:00,38,44,49,44,40,54,53,56
10212,2010-02-22 00:00:00,30,30,55,50,65,30,30,30
10212,2011-02-22 00:00:00,30,30,55,60,50,49,45,50
10212,2012-02-22 00:00:00,38,44,54,76,55,38,49,46
10212,2013-09-20 00:00:00,38,44,54,76,55,38,49,46
10212,2014-09-19 00:00:00,67,66,67,64,55,37,45,44
10212,2015-09-10 00:00:00,61,66,67,64,55,38,49,46
8592,2010-02-22 00:00:00,55,45,70,65,70,65,70,65
8592,2011-02-22 00:00:00,65,35,65,65,80,55,55,65
8592,2012-02-22 00:00:00,48,50,49,51,48,44,48,51
8592,2013-09-20 00:00:00,48,50,49,77,64,44,48,54
8592,2014-09-19 00:00:00,51,50,49,69,68,48,48,60
8592,2015-09-10 00:00:00,51,41,49,69,31,48,48,60
8550,2010-02-22 00:00:00,50,30,50,60,65,30,50,30
8550,2011-02-22 00:00:00,65,65,35,65,50,35,35,65
8550,2012-02-22 00:00:00,50,49,49,54,53,46,47,50
8550,2014-09-19 00:00:00,55,49,49,54,53,46,54,50
8550,2015-09-10 00:00:00,55,49,46,54,53,39,46,42
8549,2010-02-22 00:00:00,70,70,70,70,50,30,70,30
8549,2011-02-22 00:00:00,66,51,64,64,48,54,44,49
8549,2012-02-22 00:00:00,60,72,40,56,72,38,42,42
8549,2013-09-20 00:00:00,60,40,40,56,57,38,42,52
8549,2014-09-19 00:00:00,60,56,49,56,72,38,42,42
8549,2015-09-10 00:00:00,60,46,43,55,37,38,42,42
9829,2010-02-22 00:00:00,35,55,65,55,45,70,65,70
9829,2011-02-22 00:00:00,65,50,65,35,50,35,55,50
9829,2012-02-22 00:00:00,52,48,37,37,37,35,34,51
9829,2013-09-20 00:00:00,52,48,37,37,37,35,34,51
9829,2014-09-19 00:00:00,52,48,37,37,37,35,34,51
9829,2015-09-10 00:00:00,52,43,54,56,23,56,62,51
9998,2012-02-22 00:00:00,50,50,55,48,46,46,45,47
9998,2013-09-20 00:00:00,50,50,55,67,46,46,45,47
9998,2014-09-19 00:00:00,55,55,55,67,46,46,45,47
10249,2010-02-22 00:00:00,35,35,55,35,70,70,70,70
10249,2011-02-22 00:00:00,50,50,35,50,50,35,55,65
10249,2012-02-22 00:00:00,52,47,48,49,52,34,43,37
10249,2013-09-20 00:00:00,52,47,48,49,52,34,43,37
10249,2014-09-19 00:00:00,52,47,48,49,52,53,56,48
10249,2015-09-10 00:00:00,54,65,48,49,45,53,56,48
8348,2013-09-20 00:00:00,38,43,51,54,39,44,46,48
8348,2015-09-10 00:00:00,38,43,51,54,39,44,46,48
9927,2010-02-22 00:00:00,70,70,70,70,65,60,70,70
9927,2011-02-22 00:00:00,48,49,52,52,48,47,46,48
9927,2012-02-22 00:00:00,70,55,40,46,60,38,42,62
9927,2013-09-20 00:00:00,67,54,49,47,58,39,43,64
9927,2014-09-19 00:00:00,70,55,42,47,60,41,43,62
9927,2015-09-10 00:00:00,64,55,44,45,27,37,44,51
274581,2015-09-10 00:00:00,50,50,50,50,50,45,45,50
9996,2015-09-10 00:00:00,50,50,50,50,50,45,45,50
9996,2015-09-10 00:00:00,50,50,50,50,50,45,45,50
9761,2010-02-22 00:00:00,30,35,35,40,60,30,30,30
9761,2011-02-22 00:00:00,33,44,35,40,60,42,47,54
9761,2012-02-22 00:00:00,40,48,48,47,42,43,48,50
9761,2013-09-20 00:00:00,58,53,48,47,46,43,48,50
9761,2014-09-19 00:00:00,46,54,32,42,42,43,39,50
9761,2015-09-10 00:00:00,45,59,32,42,54,36,39,40
10214,2010-02-22 00:00:00,45,30,60,55,50,30,30,30
10214,2011-02-22 00:00:00,47,30,60,55,50,35,55,48
10214,2012-02-22 00:00:00,41,43,53,59,53,49,50,57
10214,2013-09-20 00:00:00,41,43,53,59,53,49,50,57
10214,2014-09-19 00:00:00,41,43,53,44,53,42,42,57
10214,2015-09-10 00:00:00,65,43,53,44,53,42,42,57
8481,2010-02-22 00:00:00,65,40,60,70,30,70,70,70
8481,2011-02-22 00:00:00,35,35,35,65,35,35,55,50
8481,2012-02-22 00:00:00,49,49,52,53,67,43,46,50
8481,2013-09-20 00:00:00,49,49,52,53,67,43,46,50
8481,2014-09-19 00:00:00,49,49,52,53,67,43,46,50
8481,2015-09-10 00:00:00,49,49,52,53,67,43,46,50
9830,2010-02-22 00:00:00,55,35,60,65,35,30,45,30
9830,2011-02-22 00:00:00,50,50,35,50,35,45,55,50
9830,2012-02-22 00:00:00,46,51,52,34,49,47,43,50
9830,2013-09-20 00:00:00,46,51,52,44,49,47,51,54
9830,2014-09-19 00:00:00,63,48,52,55,49,47,51,54
9830,2015-09-10 00:00:00,63,56,52,55,46,39,41,52
9809,2010-02-22 00:00:00,30,30,45,50,70,30,30,30
9809,2011-02-22 00:00:00,50,65,35,50,50,45,41,35
8464,2010-02-22 00:00:00,32,30,35,40,60,30,30,30
8464,2011-02-22 00:00:00,47,46,48,78,32,33,54,31
8464,2012-02-22 00:00:00,46,38,39,55,50,45,48,53
8464,2013-09-20 00:00:00,46,41,52,37,57,45,48,53
8464,2014-09-19 00:00:00,49,59,52,49,55,40,48,53
10261,2010-02-22 00:00:00,70,60,65,70,60,45,65,45
10261,2011-02-22 00:00:00,55,50,60,50,60,45,45,50
10261,2012-02-22 00:00:00,54,54,54,68,48,52,48,42
10261,2013-09-20 00:00:00,58,72,48,51,46,41,39,51
10261,2014-09-19 00:00:00,54,47,47,51,39,56,54,51
10261,2015-09-10 00:00:00,58,49,47,54,46,41,39,51
9831,2010-02-22 00:00:00,70,70,60,30,65,70,70,70
9831,2011-02-22 00:00:00,50,50,50,50,65,45,45,35
9831,2012-02-22 00:00:00,48,66,49,51,34,26,47,64
9831,2013-09-20 00:00:00,48,66,49,66,34,56,47,64
9831,2014-09-19 00:00:00,48,66,49,66,34,56,47,64
9831,2015-09-10 00:00:00,48,53,49,66,38,57,47,61
9850,2010-02-22 00:00:00,65,70,70,70,55,60,70,70
9850,2011-02-22 00:00:00,49,52,48,64,66,34,54,48
9850,2012-02-22 00:00:00,63,61,42,76,62,40,50,42
9850,2013-09-20 00:00:00,70,70,56,67,48,40,43,53
9850,2014-09-19 00:00:00,45,64,55,67,42,40,43,51
9850,2015-09-10 00:00:00,45,55,46,54,47,38,39,51
6269,2011-02-22 00:00:00,53,35,50,64,49,60,51,40
6269,2012-02-22 00:00:00,55,50,50,50,50,35,45,50
6269,2013-09-20 00:00:00,66,62,56,55,61,36,49,62
6269,2014-09-19 00:00:00,66,56,56,55,57,36,49,53
8165,2010-02-22 00:00:00,45,50,40,70,70,55,55,40
8165,2011-02-22 00:00:00,45,50,47,45,56,55,61,46
8165,2012-02-22 00:00:00,44,49,51,49,48,30,40,43
8165,2013-09-20 00:00:00,46,49,56,54,67,39,57,44
8165,2014-09-19 00:00:00,46,38,58,48,55,51,50,47
8165,2015-09-10 00:00:00,46,49,51,52,59,30,40,44
8388,2010-02-22 00:00:00,55,40,50,55,55,30,55,55
8388,2011-02-22 00:00:00,71,53,38,53,53,40,49,55
8388,2012-02-22 00:00:00,44,45,54,41,57,50,46,62
8388,2013-09-20 00:00:00,44,45,54,41,57,50,46,62
8388,2014-09-19 00:00:00,44,45,54,41,57,50,46,62
8388,2015-09-10 00:00:00,44,45,54,41,57,50,46,62
8242,2010-02-22 00:00:00,30,45,45,40,70,70,70,65
2033,2010-02-22 00:00:00,45,55,50,60,45,50,45,60
2033,2011-02-22 00:00:00,65,55,50,50,65,50,45,35
2033,2012-02-22 00:00:00,45,40,53,37,44,37,24,44
2033,2013-09-20 00:00:00,45,52,53,37,43,37,31,44
2033,2014-09-19 00:00:00,45,40,53,37,44,37,24,44
8573,2014-09-19 00:00:00,52,54,45,42,53,42,47,44
8573,2015-09-10 00:00:00,52,54,45,42,53,42,47,44
8371,2010-02-22 00:00:00,35,35,45,65,55,30,65,55
8371,2011-02-22 00:00:00,55,54,56,69,68,48,61,68
8371,2012-02-22 00:00:00,34,52,55,59,54,47,52,69
8371,2013-09-20 00:00:00,38,52,55,59,54,47,52,69
8371,2014-09-19 00:00:00,38,52,55,59,54,47,52,65
8371,2015-09-10 00:00:00,38,52,55,59,54,47,52,69
1773,2012-02-22 00:00:00,52,50,50,53,54,43,44,50
1773,2013-09-20 00:00:00,52,50,50,53,54,43,44,50
1773,2014-09-19 00:00:00,52,50,50,53,54,43,44,50
6403,2010-02-22 00:00:00,30,30,50,60,60,30,30,30
6403,2011-02-22 00:00:00,50,50,50,49,49,45,55,50
6403,2012-02-22 00:00:00,38,39,52,53,52,36,39,68
6403,2013-09-20 00:00:00,50,39,52,53,52,36,39,64
6403,2014-09-19 00:00:00,38,39,52,53,52,36,39,64
6403,2015-09-10 00:00:00,63,39,64,53,52,36,39,64
8460,2010-02-22 00:00:00,70,49,50,34,55,30,48,30
8460,2011-02-22 00:00:00,52,48,49,37,55,36,48,40
8460,2012-02-22 00:00:00,67,59,52,48,68,33,52,53
8460,2013-09-20 00:00:00,67,59,52,48,68,40,52,53
8460,2014-09-19 00:00:00,73,55,52,48,63,33,55,53
8460,2015-09-10 00:00:00,67,62,56,48,56,25,29,54
8540,2010-02-22 00:00:00,63,50,30,30,70,45,40,60
8540,2011-02-22 00:00:00,65,35,50,65,50,35,45,50
8540,2012-02-22 00:00:00,60,40,50,35,65,45,45,50
8540,2013-09-20 00:00:00,66,37,56,34,63,43,42,48
8540,2014-09-19 00:00:00,66,37,56,34,63,43,42,48
8540,2015-09-10 00:00:00,66,36,60,34,64,44,58,50
9847,2010-02-22 00:00:00,50,65,40,65,55,70,70,70
9847,2011-02-22 00:00:00,35,35,35,35,50,45,55,65
9847,2012-02-22 00:00:00,49,41,62,52,60,49,46,52
9847,2013-09-20 00:00:00,49,41,62,52,60,49,46,52
9847,2014-09-19 00:00:00,49,55,62,61,68,57,53,56
9847,2015-09-10 00:00:00,49,34,62,61,35,57,53,56
10167,2010-02-22 00:00:00,30,30,40,60,70,45,30,70
10167,2011-02-22 00:00:00,50,30,48,55,65,45,47,50
10167,2012-02-22 00:00:00,45,35,50,65,50,45,45,50
10167,2013-09-20 00:00:00,48,33,46,62,45,39,43,46
10167,2014-09-19 00:00:00,48,33,69,62,45,54,66,46
10167,2015-09-10 00:00:00,48,33,69,62,45,43,43,46
8426,2014-09-19 00:00:00,48,37,49,50,52,47,44,52
8426,2015-09-10 00:00:00,48,47,47,53,60,46,46,49
6413,2013-09-20 00:00:00,47,49,50,50,54,46,44,51
6413,2014-09-19 00:00:00,57,39,57,50,54,58,60,63
6413,2015-09-10 00:00:00,45,56,57,50,58,58,60,63
6547,2015-09-10 00:00:00,54,39,52,56,38,40,35,46
9878,2011-02-22 00:00:00,50,60,35,50,35,35,60,50
9878,2012-02-22 00:00:00,65,65,65,50,65,45,45,35
9878,2013-09-20 00:00:00,55,40,58,47,36,44,48,48
9878,2014-09-19 00:00:00,64,36,51,64,54,26,46,48
9878,2015-09-10 00:00:00,64,53,41,49,41,39,46,43
8028,2010-02-22 00:00:00,30,45,45,35,70,65,70,60
8028,2013-09-20 00:00:00,30,46,48,37,39,32,45,48
8028,2014-09-19 00:00:00,64,67,64,66,39,36,45,48
8028,2015-09-10 00:00:00,64,67,64,66,39,36,45,48
8033,2012-02-22 00:00:00,54,51,48,47,42,47,57,48
8033,2013-09-20 00:00:00,54,51,48,47,42,47,57,48
8033,2014-09-19 00:00:00,72,66,66,51,49,29,35,38
8033,2015-09-10 00:00:00,68,66,66,51,49,29,35,38
8023,2013-09-20 00:00:00,67,54,56,62,67,47,47,63
8023,2014-09-19 00:00:00,50,36,52,36,52,50,60,47
8023,2015-09-10 00:00:00,50,36,52,40,52,57,54,47
8031,2010-02-22 00:00:00,30,50,45,35,70,60,70,55
8031,2011-02-22 00:00:00,46,38,36,33,53,53,54,55
2183,2010-02-22 00:00:00,30,40,45,40,70,55,65,55
2183,2011-02-22 00:00:00,33,47,69,40,53,55,34,51
2183,2012-02-22 00:00:00,34,45,39,67,74,31,32,50
2183,2013-09-20 00:00:00,34,45,39,52,40,57,32,50
8462,2010-02-22 00:00:00,70,70,70,70,55,40,70,40
8462,2011-02-22 00:00:00,36,48,48,66,51,36,44,48
8462,2012-02-22 00:00:00,64,59,40,42,56,49,51,44
8462,2013-09-20 00:00:00,68,62,40,47,56,49,51,44
8462,2014-09-19 00:00:00,59,57,49,47,53,39,40,44
8462,2015-09-10 00:00:00,59,57,49,47,53,39,40,44
8640,2010-02-22 00:00:00,30,30,33,52,70,30,30,30
8640,2011-02-22 00:00:00,63,30,67,65,68,57,37,64
8640,2012-02-22 00:00:00,33,42,40,55,48,43,30,48
8640,2013-09-20 00:00:00,54,45,55,58,55,43,50,48
8640,2014-09-19 00:00:00,67,40,53,53,55,50,62,55
8640,2015-09-10 00:00:00,67,43,53,44,28,40,40,48
10172,2010-02-22 00:00:00,70,70,70,70,70,70,70,70
10172,2011-02-22 00:00:00,51,49,36,48,52,44,43,40
10172,2012-02-22 00:00:00,57,58,60,48,48,42,51,44
10172,2013-09-20 00:00:00,58,54,53,39,54,49,47,44
10172,2014-09-19 00:00:00,52,53,53,54,54,50,44,54
10172,2015-09-10 00:00:00,30,61,53,53,60,50,44,54
8696,2010-02-22 00:00:00,45,55,70,70,65,45,55,50
8696,2011-02-22 00:00:00,53,56,73,72,39,47,37,53
8696,2012-02-22 00:00:00,43,44,61,71,50,50,50,68
8696,2013-09-20 00:00:00,47,44,61,71,50,50,50,68
8696,2015-09-10 00:00:00,48,47,53,53,53,51,47,53
8548,2010-02-22 00:00:00,65,50,70,70,70,60,70,70
8548,2011-02-22 00:00:00,51,33,48,67,79,46,47,51
8548,2012-02-22 00:00:00,45,45,38,62,60,48,48,62
8548,2013-09-20 00:00:00,55,45,38,52,60,48,48,52
8548,2014-09-19 00:00:00,45,45,38,62,60,48,48,62
8548,2015-09-10 00:00:00,45,55,38,62,53,48,48,55
8370,2010-02-22 00:00:00,40,30,35,50,70,30,50,40
8370,2011-02-22 00:00:00,53,55,44,56,61,58,52,68
8370,2012-02-22 00:00:00,41,44,44,44,47,63,51,59
8370,2013-09-20 00:00:00,45,44,44,44,47,63,51,59
8370,2014-09-19 00:00:00,45,44,44,44,47,63,51,59
8370,2015-09-10 00:00:00,29,44,44,44,47,54,52,63
9798,2010-02-22 00:00:00,70,70,70,70,70,70,60,70
9798,2011-02-22 00:00:00,49,36,57,73,55,49,31,67
9798,2012-02-22 00:00:00,49,49,46,58,56,49,51,45
9798,2013-09-20 00:00:00,49,61,55,58,37,39,44,52
9798,2014-09-19 00:00:00,44,72,71,39,37,58,52,52
9798,2015-09-10 00:00:00,44,64,62,65,42,51,47,52
8603,2010-02-22 00:00:00,45,45,30,50,55,50,45,55
8603,2011-02-22 00:00:00,37,51,68,66,72,42,40,53
8603,2012-02-22 00:00:00,55,37,59,43,53,58,49,58
8603,2013-09-20 00:00:00,59,37,59,43,53,58,49,58
8603,2014-09-19 00:00:00,59,37,59,43,53,58,49,58
8603,2015-09-10 00:00:00,59,37,59,43,53,58,49,58
8633,2010-02-22 00:00:00,55,30,70,60,70,65,40,65
8633,2011-02-22 00:00:00,54,39,67,60,67,68,55,55
8633,2012-02-22 00:00:00,45,35,71,54,73,49,60,68
8633,2013-09-20 00:00:00,50,41,68,54,72,39,49,65
8633,2014-09-19 00:00:00,50,41,68,54,69,39,49,65
8633,2015-09-10 00:00:00,50,46,61,41,63,52,60,63
8560,2010-02-22 00:00:00,40,30,50,40,70,45,30,35
8560,2011-02-22 00:00:00,54,43,54,51,60,49,49,51
8560,2012-02-22 00:00:00,24,36,60,52,59,48,53,70
8560,2013-09-20 00:00:00,28,36,60,52,59,48,53,70
8560,2014-09-19 00:00:00,35,36,60,52,59,48,53,65
8560,2015-09-10 00:00:00,60,50,54,60,52,49,53,53
8479,2010-02-22 00:00:00,50,40,40,40,50,35,55,40
8479,2011-02-22 00:00:00,45,58,41,42,52,39,39,66
8479,2012-02-22 00:00:00,41,54,67,50,23,40,49,62
8479,2013-09-20 00:00:00,41,54,45,50,23,40,49,62
8479,2014-09-19 00:00:00,41,54,45,50,35,40,49,62
8479,2015-09-10 00:00:00,37,43,30,42,37,40,49,54
8690,2010-02-22 00:00:00,55,30,30,30,70,40,50,50
8690,2011-02-22 00:00:00,55,30,30,30,49,40,50,50
8690,2012-02-22 00:00:00,50,50,50,65,50,35,45,50
8690,2013-09-20 00:00:00,52,56,57,74,55,38,48,52
8690,2014-09-19 00:00:00,52,56,57,74,53,38,48,52
9837,2011-02-22 00:00:00,35,50,65,50,50,45,45,50
9837,2012-02-22 00:00:00,61,48,48,52,50,33,44,50
9837,2013-09-20 00:00:00,61,48,48,52,50,33,44,50
9837,2014-09-19 00:00:00,48,48,48,52,50,33,44,50
9837,2015-09-10 00:00:00,48,49,48,52,58,33,44,50
9851,2010-02-22 00:00:00,50,45,70,60,60,70,70,70
9851,2011-02-22 00:00:00,65,35,65,65,65,55,45,65
9851,2012-02-22 00:00:00,64,41,49,52,64,46,44,51
9851,2013-09-20 00:00:00,64,41,49,52,64,46,44,51
9851,2014-09-19 00:00:00,64,41,49,52,64,46,44,51
9851,2015-09-10 00:00:00,64,41,49,52,64,46,44,51
7841,2010-02-22 00:00:00,30,30,45,55,60,30,30,30
7841,2011-02-22 00:00:00,50,50,65,65,50,45,45,50
7841,2012-02-22 00:00:00,36,38,60,54,54,39,50,42
7841,2013-09-20 00:00:00,36,38,60,54,54,39,50,42
7841,2014-09-19 00:00:00,66,44,58,65,54,39,48,66
7841,2015-09-10 00:00:00,66,44,58,65,54,39,48,66
10219,2010-02-22 00:00:00,30,50,35,60,55,50,45,55
10219,2012-02-22 00:00:00,47,48,42,38,55,41,41,43
10219,2013-09-20 00:00:00,47,48,66,38,55,29,28,36
10219,2014-09-19 00:00:00,57,55,42,36,55,31,30,38
8551,2010-02-22 00:00:00,35,30,30,30,55,40,65,55
8551,2011-02-22 00:00:00,50,50,50,65,55,40,45,55
8551,2012-02-22 00:00:00,45,50,50,50,50,45,45,50
8551,2013-09-20 00:00:00,47,48,54,56,52,37,49,51
8551,2014-09-19 00:00:00,47,48,64,67,52,44,49,51
9803,2010-02-22 00:00:00,30,35,35,50,70,30,30,30
9803,2011-02-22 00:00:00,65,51,33,38,53,48,57,34
9803,2012-02-22 00:00:00,55,52,62,43,54,47,44,50
9803,2013-09-20 00:00:00,42,44,49,40,38,47,44,55
9803,2014-09-19 00:00:00,43,44,59,45,42,39,37,42
9999,2010-02-22 00:00:00,65,60,50,35,40,65,70,70
8686,2010-02-22 00:00:00,70,30,60,60,70,55,30,70
8686,2011-02-22 00:00:00,64,30,67,50,65,46,47,50
8686,2012-02-22 00:00:00,60,40,65,35,50,35,45,50
8686,2013-09-20 00:00:00,53,55,77,75,56,49,47,53
8686,2014-09-19 00:00:00,67,38,73,64,56,36,57,34
8686,2015-09-10 00:00:00,68,47,71,54,66,36,57,48
8649,2013-09-20 00:00:00,35,62,50,36,50,40,56,47
8649,2014-09-19 00:00:00,34,34,44,38,38,39,51,44
8649,2015-09-10 00:00:00,45,60,46,49,58,36,53,34
1601,2010-02-22 00:00:00,30,40,50,35,70,65,60,50
1601,2011-02-22 00:00:00,48,51,68,67,51,46,48,50
1601,2012-02-22 00:00:00,53,55,44,65,50,43,44,49
1601,2013-09-20 00:00:00,53,55,44,65,50,43,44,49
1601,2014-09-19 00:00:00,53,38,66,65,50,43,44,49
1601,2015-09-10 00:00:00,47,38,61,65,50,43,44,49
9853,2010-02-22 00:00:00,65,65,55,60,60,30,30,30
9853,2011-02-22 00:00:00,65,35,35,65,65,35,45,65
9853,2012-02-22 00:00:00,49,52,48,52,52,35,44,50
9853,2013-09-20 00:00:00,49,52,48,52,52,35,44,50
9853,2014-09-19 00:00:00,58,52,48,52,52,35,44,50
9853,2015-09-10 00:00:00,58,52,48,64,52,48,51,49
9882,2010-02-22 00:00:00,60,30,30,30,65,50,30,55
9882,2011-02-22 00:00:00,50,65,65,65,50,35,45,55
9882,2012-02-22 00:00:00,35,35,35,65,35,45,45,50
9882,2013-09-20 00:00:00,36,38,49,62,33,50,51,53
9882,2014-09-19 00:00:00,36,38,49,52,62,54,57,64
9882,2015-09-10 00:00:00,36,38,49,52,29,50,51,53
7943,2010-02-22 00:00:00,30,30,30,30,60,30,30,30
7943,2011-02-22 00:00:00,50,50,50,61,60,45,30,30
7943,2012-02-22 00:00:00,50,50,50,50,50,35,45,50
7943,2013-09-20 00:00:00,57,60,56,63,64,38,47,53
7943,2014-09-19 00:00:00,57,60,66,57,63,54,47,36
7943,2015-09-10 00:00:00,57,60,56,57,56,38,47,53
7794,2010-02-22 00:00:00,40,45,50,35,55,70,70,70
7794,2012-02-22 00:00:00,50,50,50,51,49,44,45,50
7794,2013-09-20 00:00:00,50,50,50,51,49,44,45,50
7794,2014-09-19 00:00:00,67,43,56,51,49,39,47,48
7794,2015-09-10 00:00:00,61,52,56,51,49,44,55,48
10228,2010-02-22 00:00:00,35,30,45,45,60,30,30,30
10228,2011-02-22 00:00:00,49,48,52,67,52,58,60,65
10228,2012-02-22 00:00:00,67,53,48,75,39,45,44,48
10228,2013-09-20 00:00:00,47,37,48,52,42,46,44,48
10228,2014-09-19 00:00:00,53,46,65,43,46,46,44,48
10228,2015-09-10 00:00:00,54,56,65,43,44,46,44,48
10189,2010-02-22 00:00:00,65,55,55,70,70,70,45,70
10189,2011-02-22 00:00:00,63,57,55,70,62,37,67,38
10189,2012-02-22 00:00:00,50,36,59,52,56,43,44,53
10189,2013-09-20 00:00:00,60,47,62,54,52,45,58,42
10189,2014-09-19 00:00:00,39,45,42,56,41,51,51,40
10189,2015-09-10 00:00:00,58,42,64,61,37,55,59,56
9777,2010-02-22 00:00:00,30,55,45,70,60,55,60,55
9777,2012-02-22 00:00:00,48,51,53,66,45,49,45,49
9777,2013-09-20 00:00:00,48,51,53,66,45,49,45,49
8302,2010-02-22 00:00:00,30,30,70,60,70,60,70,65
8302,2011-02-22 00:00:00,68,58,68,67,71,57,58,68
8302,2012-02-22 00:00:00,61,65,53,57,38,38,49,55
8302,2013-09-20 00:00:00,65,65,53,57,38,38,49,55
8302,2014-09-19 00:00:00,65,65,53,57,38,38,49,55
8302,2015-09-10 00:00:00,53,53,53,52,60,42,48,59
10179,2010-02-22 00:00:00,35,60,50,60,60,35,40,45
10179,2011-02-22 00:00:00,47,56,67,56,54,41,43,39
10179,2012-02-22 00:00:00,61,37,62,50,53,45,43,54
10179,2013-09-20 00:00:00,61,37,62,50,53,45,43,54
10179,2014-09-19 00:00:00,61,37,62,50,53,45,47,54
10179,2015-09-10 00:00:00,61,37,62,50,53,45,47,54
8025,2010-02-22 00:00:00,30,45,45,35,70,60,70,50
8025,2011-02-22 00:00:00,47,55,45,48,54,48,47,51
8025,2012-02-22 00:00:00,65,63,67,31,67,24,24,39
8025,2013-09-20 00:00:00,65,50,67,31,67,30,30,40
8025,2014-09-19 00:00:00,47,34,38,36,68,37,37,39
8025,2015-09-10 00:00:00,50,35,51,51,55,45,55,39
9874,2010-02-22 00:00:00,66,70,35,40,50,65,30,65
9874,2011-02-22 00:00:00,50,50,35,65,35,45,55,65
9874,2012-02-22 00:00:00,63,39,63,72,49,54,43,49
9874,2013-09-20 00:00:00,63,39,63,64,49,54,43,49
9874,2014-09-19 00:00:00,63,39,63,64,49,54,43,49
9874,2015-09-10 00:00:00,63,39,63,64,49,54,43,49
8466,2010-02-22 00:00:00,70,55,70,70,65,70,70,70
8466,2011-02-22 00:00:00,52,37,48,49,47,43,43,48
8466,2012-02-22 00:00:00,47,52,54,56,60,48,52,44
8466,2013-09-20 00:00:00,47,38,52,56,58,57,63,44
8466,2014-09-19 00:00:00,47,40,42,56,51,62,64,44
8466,2015-09-10 00:00:00,52,46,42,54,30,50,65,44
8614,2010-02-22 00:00:00,35,40,30,45,65,30,30,30
9986,2010-02-22 00:00:00,40,50,45,43,60,70,70,70
9986,2011-02-22 00:00:00,47,36,34,33,53,49,58,48
9986,2013-09-20 00:00:00,60,53,48,50,48,42,48,49
9986,2014-09-19 00:00:00,60,53,48,50,48,42,48,49
9986,2015-09-10 00:00:00,60,53,48,50,48,39,48,49
9768,2010-02-22 00:00:00,30,30,55,60,55,30,30,30
9768,2011-02-22 00:00:00,50,35,65,65,35,55,45,50
9768,2012-02-22 00:00:00,53,56,67,68,69,52,49,54
9768,2013-09-20 00:00:00,53,56,67,68,60,52,49,54
9768,2014-09-19 00:00:00,55,56,42,50,55,60,60,54
9768,2015-09-10 00:00:00,57,56,42,50,55,60,60,54
9869,2010-02-22 00:00:00,70,55,65,50,70,70,70,55
9869,2011-02-22 00:00:00,68,53,67,51,65,58,51,55
9869,2012-02-22 00:00:00,51,43,68,61,44,36,60,39
9869,2013-09-20 00:00:00,55,43,68,61,44,36,60,39
9869,2014-09-19 00:00:00,55,43,68,61,44,36,60,39
9869,2015-09-10 00:00:00,55,50,62,59,38,45,54,41
9875,2010-02-22 00:00:00,70,30,30,35,70,50,70,45
9875,2011-02-22 00:00:00,50,35,65,65,50,50,70,45
9875,2012-02-22 00:00:00,60,50,65,65,50,45,55,50
9875,2013-09-20 00:00:00,68,52,68,69,53,44,57,53
9875,2014-09-19 00:00:00,72,34,76,66,73,61,59,39
9875,2015-09-10 00:00:00,53,37,68,54,67,47,57,53
10190,2010-02-22 00:00:00,35,60,35,55,55,50,55,50
10190,2011-02-22 00:00:00,47,55,47,54,56,49,55,48
10190,2013-09-20 00:00:00,52,48,39,39,37,40,41,52
10190,2014-09-19 00:00:00,52,48,39,39,37,40,41,52
10190,2015-09-10 00:00:00,52,48,39,39,37,40,36,52
9800,2010-02-22 00:00:00,70,70,70,70,70,60,70,70
9800,2011-02-22 00:00:00,48,48,52,48,48,43,44,51
9800,2012-02-22 00:00:00,60,75,62,45,60,50,48,40
9800,2013-09-20 00:00:00,42,43,47,46,60,53,49,42
9800,2014-09-19 00:00:00,58,70,62,56,61,50,49,41
9800,2015-09-10 00:00:00,38,33,53,58,53,60,58,48
8152,2010-02-22 00:00:00,60,60,50,70,70,60,70,55
8152,2011-02-22 00:00:00,60,42,63,55,56,49,60,55
8152,2012-02-22 00:00:00,53,64,60,34,53,49,44,59
8152,2013-09-20 00:00:00,53,56,62,46,53,49,44,57
8152,2014-09-19 00:00:00,53,56,68,53,34,46,44,54
8152,2015-09-10 00:00:00,52,56,62,53,38,39,44,57
8467,2010-02-22 00:00:00,70,50,50,50,50,30,70,30
8467,2011-02-22 00:00:00,67,48,47,47,54,33,47,37
8467,2012-02-22 00:00:00,57,57,46,48,38,42,38,52
8467,2013-09-20 00:00:00,60,58,48,49,38,44,42,56
8467,2014-09-19 00:00:00,56,57,47,49,40,40,40,52
8467,2015-09-10 00:00:00,62,48,47,49,40,37,48,55
9997,2010-02-22 00:00:00,50,50,50,50,50,50,50,50
9997,2011-02-22 00:00:00,53,53,48,52,53,46,46,46
9997,2012-02-22 00:00:00,52,55,52,55,47,32,40,41
9985,2010-02-22 00:00:00,53,40,55,55,65,70,70,65
9985,2011-02-22 00:00:00,68,66,53,66,63,59,47,66
9985,2012-02-22 00:00:00,75,70,55,58,60,45,60,52
9985,2013-09-20 00:00:00,54,62,55,58,60,45,60,52
9985,2014-09-19 00:00:00,54,62,55,58,60,45,54,52
9985,2015-09-10 00:00:00,54,62,55,58,60,45,54,52
10194,2010-02-22 00:00:00,65,70,70,70,55,35,70,35
10194,2011-02-22 00:00:00,50,80,30,70,35,25,65,50
10194,2012-02-22 00:00:00,75,75,40,72,55,50,58,45
10194,2013-09-20 00:00:00,75,73,59,61,38,32,37,41
10194,2014-09-19 00:00:00,48,55,51,57,37,38,40,41
10194,2015-09-10 00:00:00,48,49,51,59,49,44,37,51
8472,2010-02-22 00:00:00,60,70,70,70,55,35,70,35
8472,2011-02-22 00:00:00,55,55,55,65,55,45,55,65
8472,2012-02-22 00:00:00,67,62,44,72,59,47,53,60
8472,2013-09-20 00:00:00,57,66,56,31,72,47,52,49
8472,2014-09-19 00:00:00,60,61,56,44,58,41,38,53
8472,2015-09-10 00:00:00,43,51,59,50,55,47,45,49
10003,2010-02-22 00:00:00,65,70,70,70,70,70,70,70
10003,2011-02-22 00:00:00,66,34,52,51,64,44,47,64
10003,2012-02-22 00:00:00,26,24,62,39,57,48,58,60
10003,2013-09-20 00:00:00,41,39,36,42,44,52,58,57
10003,2014-09-19 00:00:00,63,34,34,51,36,51,58,54
10003,2015-09-10 00:00:00,45,42,34,36,55,31,47,42
9867,2010-02-22 00:00:00,30,30,45,30,65,50,30,45
9867,2011-02-22 00:00:00,56,51,68,52,60,57,50,67
9867,2014-09-19 00:00:00,56,57,56,51,54,52,50,65
9867,2015-09-10 00:00:00,56,57,56,51,54,52,50,69
10191,2011-02-22 00:00:00,51,39,54,46,31,37,34,46
10191,2012-02-22 00:00:00,58,35,67,32,66,47,45,53
10191,2013-09-20 00:00:00,58,35,67,32,66,47,45,53
10191,2014-09-19 00:00:00,58,35,64,36,66,47,45,53
10191,2015-09-10 00:00:00,58,35,64,36,66,47,45,53
9804,2010-02-22 00:00:00,45,35,40,30,70,45,35,55
9804,2011-02-22 00:00:00,45,35,40,47,35,45,45,55
9804,2012-02-22 00:00:00,50,50,50,65,50,35,45,50
9804,2013-09-20 00:00:00,71,36,37,72,53,39,46,52
9804,2014-09-19 00:00:00,76,64,64,72,53,39,34,52
9804,2015-09-10 00:00:00,69,36,37,69,53,39,46,52
8586,2010-02-22 00:00:00,70,50,50,65,50,50,50,50
8586,2011-02-22 00:00:00,60,55,70,70,70,30,40,60
8586,2012-02-22 00:00:00,44,47,52,63,61,43,44,51
8586,2013-09-20 00:00:00,42,46,45,58,68,63,61,57
8586,2014-09-19 00:00:00,41,38,41,59,62,58,51,56
8586,2015-09-10 00:00:00,47,40,41,41,63,63,54,56
9941,2010-02-22 00:00:00,35,70,45,70,35,30,45,30
9941,2011-02-22 00:00:00,65,50,50,50,65,35,55,50
9941,2012-02-22 00:00:00,49,53,52,34,36,36,45,49
9941,2013-09-20 00:00:00,49,53,52,34,36,36,45,49
9941,2014-09-19 00:00:00,49,53,52,34,57,36,52,49
9941,2015-09-10 00:00:00,49,53,52,34,36,36,45,49
10242,2011-02-22 00:00:00,35,50,50,50,35,45,45,50
10242,2012-02-22 00:00:00,49,51,52,49,49,43,42,52
10242,2013-09-20 00:00:00,49,51,52,49,49,43,42,52
10242,2014-09-19 00:00:00,49,51,52,49,46,43,42,52
10242,2015-09-10 00:00:00,49,51,52,49,46,43,42,52
8611,2010-02-22 00:00:00,30,30,40,40,65,30,30,30
8611,2011-02-22 00:00:00,55,55,63,62,47,61,59,54
8611,2012-02-22 00:00:00,25,28,44,68,37,62,68,67
8611,2013-09-20 00:00:00,35,38,44,50,41,34,44,54
8611,2014-09-19 00:00:00,38,34,63,65,37,44,41,55
8611,2015-09-10 00:00:00,48,43,43,58,39,44,41,55
8600,2010-02-22 00:00:00,64,35,30,50,70,35,30,55
8600,2011-02-22 00:00:00,70,49,66,50,50,44,45,55
8600,2012-02-22 00:00:00,75,45,65,65,50,45,55,50
8600,2013-09-20 00:00:00,78,63,69,78,52,40,63,57
8600,2014-09-19 00:00:00,71,63,69,78,52,40,46,57
8600,2015-09-10 00:00:00,68,63,69,68,52,40,57,57
9771,2010-02-22 00:00:00,50,50,50,50,50,50,50,50
9771,2011-02-22 00:00:00,50,50,50,50,50,50,50,50
9771,2012-02-22 00:00:00,36,36,52,50,46,53,45,56
10267,2010-02-22 00:00:00,30,30,55,60,70,55,60,60
10267,2011-02-22 00:00:00,41,40,56,55,64,40,48,54
10267,2012-02-22 00:00:00,20,35,38,56,55,51,38,59
10267,2013-09-20 00:00:00,20,35,38,56,55,51,38,59
10267,2014-09-19 00:00:00,30,35,38,56,55,51,38,59
10267,2015-09-10 00:00:00,35,35,37,51,58,49,45,53
9873,2010-02-22 00:00:00,60,70,50,60,60,30,55,30
9873,2011-02-22 00:00:00,65,50,50,65,50,45,45,65
9873,2012-02-22 00:00:00,49,50,51,60,61,43,57,51
9873,2013-09-20 00:00:00,49,50,51,76,61,43,57,51
9873,2014-09-19 00:00:00,49,52,51,67,56,47,51,46
9873,2015-09-10 00:00:00,49,52,51,67,56,47,51,46
10281,2010-02-22 00:00:00,55,40,45,30,60,30,65,30
10281,2011-02-22 00:00:00,54,55,44,60,62,43,52,59
10281,2012-02-22 00:00:00,55,54,58,73,41,51,50,60
10281,2013-09-20 00:00:00,55,54,58,73,41,51,50,60
10281,2014-09-19 00:00:00,55,54,58,68,41,51,50,60
10281,2015-09-10 00:00:00,43,65,39,51,57,47,40,47
9876,2012-02-22 00:00:00,50,50,50,50,50,45,55,50
9876,2013-09-20 00:00:00,58,63,55,57,61,47,59,63
9876,2014-09-19 00:00:00,63,48,39,54,55,31,47,37
9876,2015-09-10 00:00:00,57,38,39,54,55,47,59,52
10269,2010-02-22 00:00:00,70,30,60,70,70,65,50,60
10269,2011-02-22 00:00:00,64,48,60,62,56,45,56,39
10269,2012-02-22 00:00:00,50,42,56,66,48,47,44,43
10269,2013-09-20 00:00:00,59,41,58,66,65,47,52,38
10269,2014-09-19 00:00:00,54,53,60,56,48,46,54,40
10269,2015-09-10 00:00:00,59,41,58,66,48,41,44,32
10205,2010-02-22 00:00:00,64,30,55,35,70,65,30,70
10205,2011-02-22 00:00:00,42,41,53,38,70,50,48,54
10205,2012-02-22 00:00:00,20,26,43,57,58,51,51,56
10205,2013-09-20 00:00:00,24,26,43,57,58,51,51,56
10205,2014-09-19 00:00:00,35,35,43,57,58,51,51,56
10205,2015-09-10 00:00:00,48,36,36,52,55,47,48,44
8277,2010-02-22 00:00:00,35,35,40,50,60,30,30,30
8277,2011-02-22 00:00:00,33,50,68,51,54,55,60,64
8277,2012-02-22 00:00:00,37,30,57,42,56,42,54,48
8277,2013-09-20 00:00:00,37,39,52,42,62,42,45,48
8277,2014-09-19 00:00:00,53,32,53,54,56,42,54,62
8277,2015-09-10 00:00:00,57,48,53,37,71,60,58,62
7844,2010-02-22 00:00:00,30,30,55,55,55,30,30,30
7844,2011-02-22 00:00:00,65,47,65,50,49,55,55,48
7844,2012-02-22 00:00:00,40,39,53,68,58,50,59,68
7844,2013-09-20 00:00:00,40,39,53,68,58,50,59,64
7844,2014-09-19 00:00:00,40,39,53,62,58,37,40,64
7844,2015-09-10 00:00:00,40,39,53,62,58,37,40,64
10238,2010-02-22 00:00:00,30,30,60,50,55,30,30,30
10238,2011-02-22 00:00:00,50,50,50,65,50,35,55,50
10238,2012-02-22 00:00:00,56,42,54,52,52,37,37,58
10238,2013-09-20 00:00:00,56,42,54,52,52,37,37,58
10238,2014-09-19 00:00:00,56,42,54,52,52,37,37,58
10238,2015-09-10 00:00:00,58,42,54,52,52,37,37,58
9839,2010-02-22 00:00:00,50,50,50,50,50,50,50,50
9839,2011-02-22 00:00:00,50,42,50,62,50,38,47,49
9839,2012-02-22 00:00:00,41,52,48,60,47,46,55,54
9839,2013-09-20 00:00:00,41,52,60,52,52,29,42,49
8475,2013-09-20 00:00:00,62,53,50,30,54,30,49,35
8475,2014-09-19 00:00:00,38,39,29,30,39,25,37,35
8475,2015-09-10 00:00:00,38,49,45,42,53,27,32,35
9817,2010-02-22 00:00:00,70,70,70,70,65,70,70,65
9817,2011-02-22 00:00:00,64,53,67,67,48,44,47,66
9817,2012-02-22 00:00:00,66,66,45,60,60,48,50,45
9817,2013-09-20 00:00:00,67,45,45,38,53,38,52,45
9817,2014-09-19 00:00:00,61,56,54,44,55,38,52,45
9817,2015-09-10 00:00:00,61,52,54,42,45,38,52,45
8697,2010-02-22 00:00:00,70,40,70,40,70,70,65,70
8697,2011-02-22 00:00:00,64,40,65,48,64,64,48,68
8697,2012-02-22 00:00:00,54,40,68,58,48,49,50,65
8697,2013-09-20 00:00:00,68,33,71,67,78,60,50,64
8697,2014-09-19 00:00:00,40,47,37,40,51,40,50,45
8697,2015-09-10 00:00:00,56,63,68,66,58,63,47,73
8659,2010-02-22 00:00:00,65,40,70,70,55,70,70,70
8659,2011-02-22 00:00:00,60,65,40,50,45,35,55,60
8659,2012-02-22 00:00:00,48,48,45,60,54,38,38,52
8659,2013-09-20 00:00:00,55,54,57,53,57,33,31,49
8659,2014-09-19 00:00:00,55,51,53,53,57,41,40,49
8659,2015-09-10 00:00:00,62,51,53,50,60,41,40,49
8654,2010-02-22 00:00:00,58,30,31,70,50,30,70,30
8654,2011-02-22 00:00:00,35,35,30,45,45,45,45,50
8654,2012-02-22 00:00:00,63,64,44,60,55,30,34,38
8654,2013-09-20 00:00:00,72,73,61,74,32,30,37,41
8654,2014-09-19 00:00:00,72,73,68,71,32,30,34,41
8654,2015-09-10 00:00:00,77,57,68,73,29,30,37,41
10001,2010-02-22 00:00:00,45,60,40,45,55,70,70,70
10001,2011-02-22 00:00:00,34,52,66,48,53,48,59,67
10001,2012-02-22 00:00:00,52,50,59,60,32,48,45,53
10001,2015-09-10 00:00:00,52,50,57,55,32,48,45,53
8024,2011-02-22 00:00:00,63,48,48,68,53,37,58,63
8024,2012-02-22 00:00:00,66,72,70,61,54,32,32,62
8024,2013-09-20 00:00:00,66,59,43,61,54,32,43,46
8024,2014-09-19 00:00:00,66,72,66,67,51,36,38,65
8528,2010-02-22 00:00:00,70,70,70,70,50,35,70,35
8528,2011-02-22 00:00:00,35,50,45,65,50,45,55,65
8528,2012-02-22 00:00:00,38,38,54,42,42,40,42,44
8528,2013-09-20 00:00:00,38,39,43,42,34,56,52,44
8528,2014-09-19 00:00:00,51,51,52,55,57,62,57,44
8528,2015-09-10 00:00:00,51,56,52,59,40,62,48,44
8525,2010-02-22 00:00:00,35,30,30,40,65,30,30,30
8525,2011-02-22 00:00:00,72,57,70,47,49,28,63,62
8525,2013-09-20 00:00:00,48,55,48,53,46,43,35,47
8525,2015-09-10 00:00:00,51,63,48,53,52,43,45,47
10265,2010-02-22 00:00:00,40,35,55,35,70,70,70,65
10265,2011-02-22 00:00:00,67,48,53,63,67,58,47,52
10265,2012-02-22 00:00:00,25,25,32,72,50,60,58,61
10265,2013-09-20 00:00:00,30,30,32,72,50,60,58,61
10265,2014-09-19 00:00:00,47,36,36,53,66,60,66,53
10265,2015-09-10 00:00:00,33,37,33,37,31,62,58,37
8721,2010-02-22 00:00:00,65,45,65,60,70,45,60,50
8721,2011-02-22 00:00:00,65,45,65,36,51,58,47,66
8721,2012-02-22 00:00:00,54,59,67,56,48,38,40,45
8721,2013-09-20 00:00:00,58,57,68,72,70,64,42,55
8721,2014-09-19 00:00:00,58,45,68,60,54,59,48,47
8721,2015-09-10 00:00:00,68,57,69,66,50,66,46,55
8602,2010-02-22 00:00:00,70,70,70,70,70,70,70,70
8602,2011-02-22 00:00:00,55,55,60,60,45,45,45,50
8602,2012-02-22 00:00:00,67,68,42,68,56,48,60,45
8602,2013-09-20 00:00:00,63,61,42,73,56,42,48,52
8602,2014-09-19 00:00:00,47,58,55,64,56,47,48,52
8602,2015-09-10 00:00:00,46,54,55,47,48,47,48,55
7955,2010-02-22 00:00:00,60,45,60,70,60,50,45,55
7955,2011-02-22 00:00:00,54,47,37,48,53,49,45,52
7955,2012-02-22 00:00:00,49,50,39,48,34,34,31,51
9868,2010-02-22 00:00:00,30,30,45,35,70,45,50,45
9868,2011-02-22 00:00:00,40,58,56,54,49,46,52,67
9868,2012-02-22 00:00:00,60,44,40,57,41,49,54,50
9868,2013-09-20 00:00:00,60,44,40,57,41,49,54,50
10192,2010-02-22 00:00:00,55,55,55,70,60,55,55,60
10192,2011-02-22 00:00:00,60,57,65,69,68,48,49,61
10192,2012-02-22 00:00:00,52,69,39,70,46,44,34,50
10192,2013-09-20 00:00:00,52,69,39,70,46,44,34,50
10192,2014-09-19 00:00:00,52,64,39,66,46,44,34,50
10192,2015-09-10 00:00:00,52,64,39,66,46,44,34,50
8021,2010-02-22 00:00:00,55,60,30,40,70,70,70,70
8021,2011-02-22 00:00:00,54,37,48,38,37,47,58,52
8021,2012-02-22 00:00:00,33,38,67,52,73,58,47,52
8021,2013-09-20 00:00:00,33,38,67,52,48,58,47,52
8021,2014-09-19 00:00:00,33,51,38,63,48,58,38,52
8394,2010-02-22 00:00:00,30,30,50,35,70,40,30,45
8394,2011-02-22 00:00:00,43,40,46,38,42,38,40,53
8394,2012-02-22 00:00:00,34,23,53,56,57,51,46,61
8394,2013-09-20 00:00:00,38,23,53,56,57,51,46,61
8394,2014-09-19 00:00:00,38,35,53,56,57,51,46,61
8394,2015-09-10 00:00:00,52,50,52,56,57,48,43,49
8027,2014-09-19 00:00:00,54,40,67,49,52,44,47,52
8027,2015-09-10 00:00:00,54,40,46,49,52,44,47,52
10000,2010-02-22 00:00:00,65,60,60,40,50,70,60,70
10000,2011-02-22 00:00:00,52,52,52,48,53,46,48,53
10000,2012-02-22 00:00:00,54,51,47,52,50,44,55,53
10000,2013-09-20 00:00:00,54,51,47,52,32,44,58,37
10000,2014-09-19 00:00:00,54,51,47,52,32,44,58,37
10000,2015-09-10 00:00:00,54,51,47,52,32,44,58,37
