time_temporada_id,team_long_name,season,saldo_medio,buildUpPlaySpeed,buildUpPlayPassing,chanceCreationPassing,chanceCreationCrossing,chanceCreationShooting,defencePressure,defenceAggression,defenceTeamWidth,cluster
FC Aarau_2009/2010,FC Aarau,2009/2010,-1.5555555555555556,60,50,60,65,55,50,55,45,2
FC Aarau_2014/2015,FC Aarau,2014/2015,-0.9166666666666666,52,56,54,63,64,47,44,54,2
Aberdeen_2009/2010,Aberdeen,2009/2010,-0.42105263157894735,70,70,70,70,70,60,70,70,2
Aberdeen_2010/2011,Aberdeen,2010/2011,-0.5263157894736842,47,52,53,48,52,47,47,52,4
Aberdeen_2011/2012,Aberdeen,2011/2012,-0.21052631578947367,58,62,45,70,55,40,40,60,4
Aberdeen_2013/2014,Aberdeen,2013/2014,0.39473684210526316,62,45,40,50,55,42,42,60,4
Aberdeen_2014/2015,Aberdeen,2014/2015,0.631578947368421,58,62,56,68,57,41,42,60,2
Aberdeen_2015/2016,Aberdeen,2015/2016,0.3684210526315789,59,53,51,72,63,49,45,63,2
AC Ajaccio_2011/2012,AC Ajaccio,2011/2012,-0.5526315789473685,59,52,48,34,52,38,47,53,4
AC Ajaccio_2013/2014,AC Ajaccio,2013/2014,-0.9210526315789473,59,52,48,34,52,38,47,53,4
Milan_2009/2010,Milan,2009/2010,0.5526315789473685,45,30,55,45,70,30,35,60,4
Milan_2010/2011,Milan,2010/2011,1.0789473684210527,65,50,50,60,50,50,50,50,4
Milan_2011/2012,Milan,2011/2012,1.054054054054054,45,50,65,20,50,45,45,50,4
Milan_2013/2014,Milan,2013/2014,0.21052631578947367,48,54,51,53,64,48,49,53,2
Milan_2014/2015,Milan,2014/2015,0.15789473684210525,48,52,66,36,75,58,57,49,2
Milan_2015/2016,Milan,2015/2016,0.15789473684210525,48,52,66,36,69,58,57,49,2
Académica de Coimbra_2009/2010,Académica de Coimbra,2009/2010,-0.16666666666666666,30,30,50,60,55,30,30,30,1
Académica de Coimbra_2010/2011,Académica de Coimbra,2010/2011,-0.5333333333333333,30,50,50,50,55,30,45,65,4
Académica de Coimbra_2011/2012,Académica de Coimbra,2011/2012,-0.36666666666666664,45,44,55,57,60,52,38,61,4
Académica de Coimbra_2013/2014,Académica de Coimbra,2013/2014,-0.3333333333333333,45,44,55,57,60,52,38,61,4
Académica de Coimbra_2014/2015,Académica de Coimbra,2014/2015,-0.5882352941176471,52,44,55,51,60,39,38,61,4
Académica de Coimbra_2015/2016,Académica de Coimbra,2015/2016,-0.8235294117647058,53,44,55,51,60,39,38,61,4
ADO Den Haag_2009/2010,ADO Den Haag,2009/2010,-0.6176470588235294,30,35,30,50,65,30,30,30,1
ADO Den Haag_2010/2011,ADO Den Haag,2010/2011,0.23529411764705882,53,53,48,67,66,46,62,65,2
ADO Den Haag_2011/2012,ADO Den Haag,2011/2012,-0.8529411764705882,38,44,55,60,44,50,58,62,3
ADO Den Haag_2013/2014,ADO Den Haag,2013/2014,-0.5588235294117647,38,47,55,55,44,50,58,52,3
ADO Den Haag_2014/2015,ADO Den Haag,2014/2015,-0.2647058823529412,58,55,55,52,44,57,50,52,3
ADO Den Haag_2015/2016,ADO Den Haag,2015/2016,-0.029411764705882353,56,66,55,52,38,40,50,52,4
Ajax_2009/2010,Ajax,2009/2010,2.5294117647058822,30,30,50,60,70,30,30,30,1
Ajax_2010/2011,Ajax,2010/2011,1.2352941176470589,40,38,67,65,67,65,57,63,2
Ajax_2011/2012,Ajax,2011/2012,1.6764705882352942,31,33,39,64,46,68,65,60,3
Ajax_2013/2014,Ajax,2013/2014,1.2058823529411764,35,33,39,52,46,68,65,50,3
Ajax_2014/2015,Ajax,2014/2015,1.1764705882352942,40,30,51,55,39,64,53,64,3
Ajax_2015/2016,Ajax,2015/2016,1.7647058823529411,35,39,58,55,30,64,53,59,3
UD Almería_2009/2010,UD Almería,2009/2010,-0.3157894736842105,65,45,45,45,70,70,65,30,2
UD Almería_2010/2011,UD Almería,2010/2011,-0.8947368421052632,55,53,57,54,69,58,68,67,2
UD Almería_2013/2014,UD Almería,2013/2014,-0.7368421052631579,46,65,57,54,40,37,53,45,4
UD Almería_2014/2015,UD Almería,2014/2015,-0.7631578947368421,46,65,57,54,40,37,53,45,4
RSC Anderlecht_2009/2010,RSC Anderlecht,2009/2010,1.5,50,35,70,50,60,70,50,70,2
RSC Anderlecht_2010/2011,RSC Anderlecht,2010/2011,1.2666666666666666,50,52,70,50,60,70,50,70,2
RSC Anderlecht_2011/2012,RSC Anderlecht,2011/2012,1.1666666666666667,52,41,53,57,47,45,43,52,4
RSC Anderlecht_2014/2015,RSC Anderlecht,2014/2015,0.7,52,51,60,53,47,60,50,65,2
RSC Anderlecht_2015/2016,RSC Anderlecht,2015/2016,0.7333333333333333,52,51,60,53,47,53,50,61,3
Angers SCO_2015/2016,Angers SCO,2015/2016,0.05263157894736842,48,50,40,52,48,44,44,51,3
Arka Gdynia_2009/2010,Arka Gdynia,2009/2010,-0.36666666666666664,30,45,45,35,70,65,70,70,2
Arka Gdynia_2010/2011,Arka Gdynia,2010/2011,-0.7,46,37,33,62,52,47,48,45,3
AC Arles-Avignon_2010/2011,AC Arles-Avignon,2010/2011,-1.2894736842105263,50,65,35,35,35,25,45,35,4
FC Arouca_2014/2015,FC Arouca,2014/2015,-0.7058823529411765,69,39,55,59,46,35,37,37,4
FC Arouca_2015/2016,FC Arouca,2015/2016,0.2647058823529412,65,39,55,59,46,37,39,37,4
Arsenal_2009/2010,Arsenal,2009/2010,1.105263157894737,66,30,30,45,35,30,40,50,3
Arsenal_2010/2011,Arsenal,2010/2011,0.7631578947368421,75,40,40,45,65,50,40,45,4
Arsenal_2011/2012,Arsenal,2011/2012,0.6578947368421053,25,32,41,34,30,57,57,52,3
Arsenal_2013/2014,Arsenal,2013/2014,0.7105263157894737,30,29,41,55,39,64,54,52,3
Arsenal_2014/2015,Arsenal,2014/2015,0.9210526315789473,59,26,28,55,64,51,44,52,3
Arsenal_2015/2016,Arsenal,2015/2016,0.7631578947368421,59,30,28,44,46,51,44,52,3
Aston Villa_2009/2010,Aston Villa,2009/2010,0.34210526315789475,70,59,65,70,50,30,70,30,4
Aston Villa_2010/2011,Aston Villa,2010/2011,-0.2894736842105263,65,50,45,55,50,35,45,65,4
Aston Villa_2011/2012,Aston Villa,2011/2012,-0.42105263157894735,67,58,44,60,56,43,50,52,4
Aston Villa_2013/2014,Aston Villa,2013/2014,-0.5789473684210527,63,59,52,55,34,39,41,54,4
Aston Villa_2014/2015,Aston Villa,2014/2015,-0.6842105263157895,66,72,63,48,56,39,42,52,4
Aston Villa_2015/2016,Aston Villa,2015/2016,-1.2894736842105263,63,54,60,48,38,35,44,54,4
Atalanta_2009/2010,Atalanta,2009/2010,-0.42105263157894735,35,40,35,30,55,30,30,55,1
Atalanta_2011/2012,Atalanta,2011/2012,0.0,40,50,53,47,50,55,42,50,3
Atalanta_2013/2014,Atalanta,2013/2014,-0.21052631578947367,64,36,38,49,51,54,53,49,3
Atalanta_2014/2015,Atalanta,2014/2015,-0.5,64,37,38,49,51,36,66,49,3
Atalanta_2015/2016,Atalanta,2015/2016,-0.15789473684210525,64,37,38,49,51,36,63,49,3
Athletic Club de Bilbao_2009/2010,Athletic Club de Bilbao,2009/2010,-0.07894736842105263,60,45,35,70,55,30,70,35,4
Athletic Club de Bilbao_2010/2011,Athletic Club de Bilbao,2010/2011,0.10526315789473684,70,69,55,72,57,48,67,55,2
Athletic Club de Bilbao_2011/2012,Athletic Club de Bilbao,2011/2012,-0.07894736842105263,42,59,36,78,59,37,60,68,2
Athletic Club de Bilbao_2013/2014,Athletic Club de Bilbao,2013/2014,0.7105263157894737,46,38,52,73,37,37,60,68,3
Athletic Club de Bilbao_2014/2015,Athletic Club de Bilbao,2014/2015,0.02631578947368421,46,38,52,68,37,37,60,65,3
Athletic Club de Bilbao_2015/2016,Athletic Club de Bilbao,2015/2016,0.34210526315789475,46,39,50,60,36,49,57,50,3
Atlético Madrid_2009/2010,Atlético Madrid,2009/2010,-0.10526315789473684,64,30,65,50,70,70,34,55,2
Atlético Madrid_2010/2011,Atlético Madrid,2010/2011,0.23684210526315788,57,54,58,69,79,58,48,54,2
Atlético Madrid_2011/2012,Atlético Madrid,2011/2012,0.18421052631578946,47,51,67,63,54,52,37,55,2
Atlético Madrid_2013/2014,Atlético Madrid,2013/2014,1.3421052631578947,47,51,70,65,54,52,37,55,2
Atlético Madrid_2014/2015,Atlético Madrid,2014/2015,1.0,47,51,67,67,54,52,37,55,2
Atlético Madrid_2015/2016,Atlético Madrid,2015/2016,1.1842105263157894,57,50,61,62,49,49,42,52,4
FC Augsburg_2011/2012,FC Augsburg,2011/2012,-0.38235294117647056,55,55,49,57,55,47,58,56,2
FC Augsburg_2013/2014,FC Augsburg,2013/2014,0.0,40,55,49,72,53,33,43,52,4
FC Augsburg_2014/2015,FC Augsburg,2014/2015,0.0,62,69,41,63,56,47,55,52,4
FC Augsburg_2015/2016,FC Augsburg,2015/2016,-0.29411764705882354,59,55,49,62,55,34,50,59,4
AJ Auxerre_2009/2010,AJ Auxerre,2009/2010,0.34210526315789475,30,70,35,65,35,30,55,30,4
AJ Auxerre_2010/2011,AJ Auxerre,2010/2011,0.10526315789473684,35,65,35,65,50,35,45,65,4
AJ Auxerre_2011/2012,AJ Auxerre,2011/2012,-0.2894736842105263,64,49,51,63,50,34,45,36,4
AZ_2009/2010,AZ,2009/2010,0.8823529411764706,55,45,40,30,60,30,30,50,4
AZ_2010/2011,AZ,2010/2011,0.3235294117647059,45,31,45,74,66,60,50,65,2
AZ_2011/2012,AZ,2011/2012,0.8529411764705882,46,36,47,48,52,60,65,59,3
AZ_2013/2014,AZ,2013/2014,0.11764705882352941,62,40,67,48,52,50,65,59,2
AZ_2014/2015,AZ,2014/2015,0.20588235294117646,52,46,60,56,52,50,61,55,2
AZ_2015/2016,AZ,2015/2016,0.5,50,58,67,56,50,50,61,55,2
FC Barcelona_2009/2010,FC Barcelona,2009/2010,1.9473684210526316,42,30,65,40,70,70,30,70,2
FC Barcelona_2010/2011,FC Barcelona,2010/2011,1.9473684210526316,43,34,59,25,68,67,43,68,3
FC Barcelona_2011/2012,FC Barcelona,2011/2012,2.236842105263158,24,25,37,24,54,66,63,66,3
FC Barcelona_2013/2014,FC Barcelona,2013/2014,1.763157894736842,35,32,37,31,35,61,63,65,3
FC Barcelona_2014/2015,FC Barcelona,2014/2015,2.3421052631578947,35,32,37,31,35,61,63,65,3
FC Barcelona_2015/2016,FC Barcelona,2015/2016,2.1842105263157894,36,51,36,49,56,61,65,65,3
Bari_2009/2010,Bari,2009/2010,0.0,30,30,30,40,65,40,30,45,1
Bari_2010/2011,Bari,2010/2011,-0.7631578947368421,65,35,65,63,65,55,45,60,2
FC Basel_2009/2010,FC Basel,2009/2010,1.2222222222222223,40,45,50,65,50,60,60,60,3
FC Basel_2010/2011,FC Basel,2010/2011,0.8888888888888888,46,40,51,54,49,38,53,55,3
FC Basel_2011/2012,FC Basel,2011/2012,1.3235294117647058,61,46,66,66,54,47,58,53,2
FC Basel_2013/2014,FC Basel,2013/2014,1.0,61,46,66,66,54,47,58,53,2
FC Basel_2014/2015,FC Basel,2014/2015,1.1944444444444444,61,46,66,66,54,47,58,53,2
FC Basel_2015/2016,FC Basel,2015/2016,1.3888888888888888,61,46,66,66,54,47,58,53,2
Bayer 04 Leverkusen_2009/2010,Bayer 04 Leverkusen,2009/2010,0.7941176470588235,70,30,70,70,70,70,60,70,2
Bayer 04 Leverkusen_2010/2011,Bayer 04 Leverkusen,2010/2011,0.5882352941176471,67,38,51,47,55,57,39,51,4
Bayer 04 Leverkusen_2011/2012,Bayer 04 Leverkusen,2011/2012,0.23529411764705882,58,55,52,55,56,50,42,47,4
Bayer 04 Leverkusen_2013/2014,Bayer 04 Leverkusen,2013/2014,0.5588235294117647,64,55,52,54,37,58,38,47,4
Bayer 04 Leverkusen_2014/2015,Bayer 04 Leverkusen,2014/2015,0.7352941176470589,69,55,52,55,39,50,46,54,4
Bayer 04 Leverkusen_2015/2016,Bayer 04 Leverkusen,2015/2016,0.47058823529411764,73,55,77,54,61,61,72,50,2
FC Bayern Munich_2009/2010,FC Bayern Munich,2009/2010,1.2058823529411764,65,40,65,70,70,70,40,65,2
FC Bayern Munich_2010/2011,FC Bayern Munich,2010/2011,1.2058823529411764,42,40,34,30,72,39,52,65,3
FC Bayern Munich_2011/2012,FC Bayern Munich,2011/2012,1.6176470588235294,47,40,34,31,55,49,35,50,3
FC Bayern Munich_2013/2014,FC Bayern Munich,2013/2014,2.088235294117647,56,41,40,44,39,52,54,52,3
FC Bayern Munich_2014/2015,FC Bayern Munich,2014/2015,1.8235294117647058,37,22,21,38,40,61,59,40,3
FC Bayern Munich_2015/2016,FC Bayern Munich,2015/2016,1.8529411764705883,45,28,37,31,22,72,53,59,3
Beerschot AC_2009/2010,Beerschot AC,2009/2010,-0.4642857142857143,35,35,45,40,50,70,70,70,3
Beerschot AC_2010/2011,Beerschot AC,2010/2011,-0.5333333333333333,47,37,54,64,67,33,34,48,4
Beerschot AC_2011/2012,Beerschot AC,2011/2012,-0.2,55,55,47,46,49,45,46,50,4
SC Beira Mar_2010/2011,SC Beira Mar,2010/2011,-0.13333333333333333,48,46,50,50,57,47,55,53,3
SC Beira Mar_2011/2012,SC Beira Mar,2011/2012,-0.4,39,48,53,53,59,37,52,61,4
CF Os Belenenses_2009/2010,CF Os Belenenses,2009/2010,-0.7,30,30,55,45,60,30,30,30,1
CF Os Belenenses_2014/2015,CF Os Belenenses,2014/2015,-0.029411764705882353,52,52,40,37,48,38,48,49,4
CF Os Belenenses_2015/2016,CF Os Belenenses,2015/2016,-0.6470588235294118,51,52,43,37,48,38,48,49,4
AC Bellinzona_2009/2010,AC Bellinzona,2009/2010,-1.3888888888888888,40,50,55,65,55,45,50,55,2
AC Bellinzona_2010/2011,AC Bellinzona,2010/2011,-0.9166666666666666,47,54,55,38,55,32,50,56,4
SL Benfica_2009/2010,SL Benfica,2009/2010,1.9333333333333333,30,30,50,55,65,30,30,30,1
SL Benfica_2010/2011,SL Benfica,2010/2011,1.0,65,35,65,55,51,55,56,60,2
SL Benfica_2011/2012,SL Benfica,2011/2012,1.3,55,48,69,56,54,61,51,57,2
SL Benfica_2013/2014,SL Benfica,2013/2014,1.3333333333333333,65,54,69,56,54,60,58,57,2
SL Benfica_2014/2015,SL Benfica,2014/2015,2.0588235294117645,70,53,65,66,54,60,57,54,2
SL Benfica_2015/2016,SL Benfica,2015/2016,1.9411764705882353,69,53,65,66,54,60,57,54,2
Birmingham City_2009/2010,Birmingham City,2009/2010,-0.23684210526315788,70,70,70,70,70,70,70,70,2
Birmingham City_2010/2011,Birmingham City,2010/2011,-0.5526315789473685,45,60,35,50,40,30,60,45,3
Blackburn Rovers_2009/2010,Blackburn Rovers,2009/2010,-0.3684210526315789,55,70,60,70,55,45,70,45,2
Blackburn Rovers_2010/2011,Blackburn Rovers,2010/2011,-0.34210526315789475,55,65,50,50,35,45,60,55,3
Blackburn Rovers_2011/2012,Blackburn Rovers,2011/2012,-0.7894736842105263,57,57,55,45,40,42,50,38,4
Blackpool_2010/2011,Blackpool,2010/2011,-0.6052631578947368,70,30,65,30,65,45,50,45,4
Boavista FC_2015/2016,Boavista FC,2015/2016,-0.5,47,50,37,38,53,32,62,54,3
VfL Bochum_2009/2010,VfL Bochum,2009/2010,-0.9117647058823529,50,65,55,45,50,40,60,40,4
Bologna_2009/2010,Bologna,2009/2010,-0.34210526315789475,65,55,30,70,65,55,30,50,4
Bologna_2010/2011,Bologna,2010/2011,-0.4473684210526316,65,35,35,35,50,30,50,50,4
Bologna_2011/2012,Bologna,2011/2012,-0.14285714285714285,40,50,35,35,50,35,45,50,3
Bologna_2013/2014,Bologna,2013/2014,-0.7894736842105263,63,48,49,63,63,43,43,48,4
Bologna_2015/2016,Bologna,2015/2016,-0.3157894736842105,63,48,32,48,52,30,54,48,4
Bolton Wanderers_2009/2010,Bolton Wanderers,2009/2010,-0.6578947368421053,55,70,70,70,45,35,70,35,2
Bolton Wanderers_2010/2011,Bolton Wanderers,2010/2011,-0.10526315789473684,45,70,55,70,50,40,55,50,2
Bolton Wanderers_2011/2012,Bolton Wanderers,2011/2012,-0.8157894736842105,57,56,45,54,54,48,48,58,4
Girondins de Bordeaux_2009/2010,Girondins de Bordeaux,2009/2010,0.47368421052631576,70,35,70,50,70,55,70,70,2
Girondins de Bordeaux_2010/2011,Girondins de Bordeaux,2010/2011,0.02631578947368421,50,35,50,65,65,55,45,65,2
Girondins de Bordeaux_2011/2012,Girondins de Bordeaux,2011/2012,0.3157894736842105,49,37,49,64,51,44,46,49,4
Girondins de Bordeaux_2013/2014,Girondins de Bordeaux,2013/2014,0.15789473684210525,49,37,49,64,51,44,46,49,4
Girondins de Bordeaux_2014/2015,Girondins de Bordeaux,2014/2015,0.07894736842105263,38,36,49,55,51,37,33,49,4
Girondins de Bordeaux_2015/2016,Girondins de Bordeaux,2015/2016,-0.18421052631578946,51,48,49,63,44,57,52,49,3
Borussia Dortmund_2009/2010,Borussia Dortmund,2009/2010,0.35294117647058826,70,45,70,34,66,54,70,53,2
Borussia Dortmund_2010/2011,Borussia Dortmund,2010/2011,1.3235294117647058,73,43,60,53,64,59,67,46,2
Borussia Dortmund_2011/2012,Borussia Dortmund,2011/2012,1.6176470588235294,71,45,67,44,70,58,69,46,2
Borussia Dortmund_2013/2014,Borussia Dortmund,2013/2014,1.2352941176470589,74,45,70,48,76,60,70,48,2
Borussia Dortmund_2014/2015,Borussia Dortmund,2014/2015,0.14705882352941177,76,61,53,44,73,60,68,43,2
Borussia Dortmund_2015/2016,Borussia Dortmund,2015/2016,1.411764705882353,71,40,70,44,49,65,71,40,2
Borussia Mönchengladbach_2009/2010,Borussia Mönchengladbach,2009/2010,-0.5,65,45,50,70,65,55,40,65,2
Borussia Mönchengladbach_2010/2011,Borussia Mönchengladbach,2010/2011,-0.5,63,46,60,51,61,49,58,49,2
Borussia Mönchengladbach_2011/2012,Borussia Mönchengladbach,2011/2012,0.7352941176470589,57,64,54,48,55,33,43,38,4
Borussia Mönchengladbach_2013/2014,Borussia Mönchengladbach,2013/2014,0.47058823529411764,76,40,66,48,30,33,53,41,4
Borussia Mönchengladbach_2014/2015,Borussia Mönchengladbach,2014/2015,0.7941176470588235,31,32,38,26,49,43,50,41,1
Borussia Mönchengladbach_2015/2016,Borussia Mönchengladbach,2015/2016,0.5,31,32,38,26,49,41,48,39,1
US Boulogne Cote D'Opale_2009/2010,US Boulogne Cote D'Opale,2009/2010,-0.8157894736842105,45,30,35,55,60,70,60,70,3
Bournemouth_2015/2016,Bournemouth,2015/2016,-0.5789473684210527,47,47,49,45,47,48,50,62,3
SC Braga_2009/2010,SC Braga,2009/2010,0.9333333333333333,30,30,55,50,60,30,30,30,1
SC Braga_2010/2011,SC Braga,2010/2011,0.4,30,30,55,50,60,40,60,50,3
SC Braga_2011/2012,SC Braga,2011/2012,1.0,53,46,53,53,52,23,48,39,4
SC Braga_2013/2014,SC Braga,2013/2014,0.06666666666666667,66,54,53,53,52,25,56,39,4
SC Braga_2014/2015,SC Braga,2014/2015,0.7941176470588235,53,55,53,65,39,25,56,39,4
SC Braga_2015/2016,SC Braga,2015/2016,0.5588235294117647,55,55,62,65,39,25,56,39,4
Brescia_2010/2011,Brescia,2010/2011,-0.47368421052631576,30,50,50,65,65,45,45,55,2
Stade Brestois 29_2010/2011,Stade Brestois 29,2010/2011,-0.18421052631578946,65,35,50,65,50,55,45,65,3
Stade Brestois 29_2011/2012,Stade Brestois 29,2011/2012,-0.18421052631578946,64,62,49,53,66,44,34,51,4
Burnley_2009/2010,Burnley,2009/2010,-1.0526315789473684,70,65,70,70,70,65,70,70,2
Burnley_2014/2015,Burnley,2014/2015,-0.6578947368421053,48,74,72,59,58,54,57,58,2
SM Caen_2010/2011,SM Caen,2010/2011,-0.13157894736842105,65,35,35,65,65,55,45,65,3
SM Caen_2011/2012,SM Caen,2011/2012,-0.5263157894736842,48,52,48,54,53,47,45,51,4
SM Caen_2014/2015,SM Caen,2014/2015,-0.02631578947368421,62,45,48,54,53,43,42,51,4
SM Caen_2015/2016,SM Caen,2015/2016,-0.34210526315789475,62,45,48,54,53,43,42,51,4
Cagliari_2009/2010,Cagliari,2009/2010,-0.05263157894736842,40,30,30,35,55,40,55,60,3
Cagliari_2010/2011,Cagliari,2010/2011,-0.18421052631578946,65,50,50,65,50,45,45,51,4
Cagliari_2011/2012,Cagliari,2011/2012,-0.2222222222222222,40,50,65,50,50,45,45,50,4
Cagliari_2013/2014,Cagliari,2013/2014,-0.5,63,36,66,51,51,46,56,51,4
Cagliari_2014/2015,Cagliari,2014/2015,-0.5263157894736842,63,53,33,51,68,37,56,51,4
SC Cambuur_2014/2015,SC Cambuur,2014/2015,-0.29411764705882354,45,42,46,56,57,42,49,47,4
SC Cambuur_2015/2016,SC Cambuur,2015/2016,-1.3529411764705883,43,57,46,50,38,42,49,47,3
Cardiff City_2013/2014,Cardiff City,2013/2014,-1.105263157894737,60,69,54,59,62,47,43,56,2
Carpi_2015/2016,Carpi,2015/2016,-0.5263157894736842,80,65,70,40,50,25,55,35,4
Catania_2009/2010,Catania,2009/2010,-0.02631578947368421,35,30,30,30,60,35,55,50,3
Catania_2010/2011,Catania,2010/2011,-0.3157894736842105,65,35,50,65,63,35,55,50,4
Catania_2011/2012,Catania,2011/2012,-0.17647058823529413,40,50,50,50,50,25,50,35,4
Catania_2013/2014,Catania,2013/2014,-0.8421052631578947,67,37,67,52,52,37,57,52,4
RC Celta de Vigo_2013/2014,RC Celta de Vigo,2013/2014,-0.13157894736842105,53,62,59,68,52,42,52,68,2
RC Celta de Vigo_2014/2015,RC Celta de Vigo,2014/2015,0.07894736842105263,53,62,59,68,52,42,52,65,2
RC Celta de Vigo_2015/2016,RC Celta de Vigo,2015/2016,-0.21052631578947367,55,38,41,48,50,55,55,59,3
Celtic_2009/2010,Celtic,2009/2010,0.9473684210526315,70,70,65,70,70,60,70,70,2
Celtic_2010/2011,Celtic,2010/2011,1.6578947368421053,54,52,52,67,51,46,46,67,2
Celtic_2011/2012,Celtic,2011/2012,1.6578947368421053,70,58,54,58,60,50,50,60,2
Celtic_2013/2014,Celtic,2013/2014,2.026315789473684,50,53,57,58,60,55,51,60,2
Celtic_2014/2015,Celtic,2014/2015,1.763157894736842,70,58,55,61,62,51,54,60,2
Celtic_2015/2016,Celtic,2015/2016,1.631578947368421,54,53,51,51,62,58,55,56,2
KSV Cercle Brugge_2009/2010,KSV Cercle Brugge,2009/2010,0.17857142857142858,45,35,70,45,55,65,60,70,2
KSV Cercle Brugge_2010/2011,KSV Cercle Brugge,2010/2011,-0.03333333333333333,50,50,70,65,65,60,50,70,2
KSV Cercle Brugge_2011/2012,KSV Cercle Brugge,2011/2012,-0.03333333333333333,68,54,55,68,42,59,47,62,2
KSV Cercle Brugge_2014/2015,KSV Cercle Brugge,2014/2015,-0.8,53,43,52,58,42,59,47,62,3
Cesena_2010/2011,Cesena,2010/2011,-0.3157894736842105,50,50,35,35,50,35,55,50,3
Cesena_2011/2012,Cesena,2011/2012,-0.9411764705882353,60,40,50,35,65,35,45,50,4
Cesena_2014/2015,Cesena,2014/2015,-0.9736842105263158,73,41,53,44,73,39,49,57,4
Chelsea_2009/2010,Chelsea,2009/2010,1.868421052631579,70,60,56,70,70,30,60,35,2
Chelsea_2010/2011,Chelsea,2010/2011,0.9473684210526315,60,50,60,60,80,35,55,50,2
Chelsea_2011/2012,Chelsea,2011/2012,0.5,60,45,55,45,45,60,62,46,3
Chelsea_2013/2014,Chelsea,2013/2014,1.1578947368421053,46,41,46,61,63,42,43,46,4
Chelsea_2014/2015,Chelsea,2014/2015,1.0789473684210527,67,38,41,61,68,39,41,46,4
Chelsea_2015/2016,Chelsea,2015/2016,0.15789473684210525,67,36,41,34,44,39,41,46,4
Chievo Verona_2009/2010,Chievo Verona,2009/2010,-0.13157894736842105,45,30,35,45,65,30,70,65,3
Chievo Verona_2010/2011,Chievo Verona,2010/2011,-0.05263157894736842,45,50,49,45,35,36,70,51,3
Chievo Verona_2011/2012,Chievo Verona,2011/2012,-0.2972972972972973,60,65,50,50,65,25,45,50,4
Chievo Verona_2013/2014,Chievo Verona,2013/2014,-0.5263157894736842,66,67,52,51,66,26,59,51,4
Chievo Verona_2014/2015,Chievo Verona,2014/2015,-0.34210526315789475,66,67,52,66,52,46,59,51,2
Chievo Verona_2015/2016,Chievo Verona,2015/2016,-0.05263157894736842,66,67,52,66,52,46,59,51,2
Club Brugge KV_2009/2010,Club Brugge KV,2009/2010,0.6785714285714286,35,40,45,50,45,60,70,70,3
Club Brugge KV_2010/2011,Club Brugge KV,2010/2011,0.8333333333333334,67,47,68,49,53,57,44,47,4
Club Brugge KV_2011/2012,Club Brugge KV,2011/2012,0.6333333333333333,64,54,48,61,47,60,50,52,3
Club Brugge KV_2014/2015,Club Brugge KV,2014/2015,1.3666666666666667,42,45,42,57,47,51,50,57,3
Club Brugge KV_2015/2016,Club Brugge KV,2015/2016,1.1333333333333333,42,45,42,57,47,51,50,57,3
Córdoba CF_2014/2015,Córdoba CF,2014/2015,-1.2105263157894737,40,53,40,66,48,36,41,52,4
Cracovia_2009/2010,Cracovia,2009/2010,-0.4666666666666667,30,45,40,35,65,70,70,65,3
Cracovia_2010/2011,Cracovia,2010/2011,-0.3333333333333333,46,51,48,48,52,48,33,63,4
Cracovia_2011/2012,Cracovia,2011/2012,-0.7,57,59,57,33,78,59,51,53,2
Cracovia_2014/2015,Cracovia,2014/2015,-0.2,37,38,66,66,33,59,34,64,3
Cracovia_2015/2016,Cracovia,2015/2016,0.5,37,38,66,66,33,59,34,64,3
Crystal Palace_2013/2014,Crystal Palace,2013/2014,-0.39473684210526316,52,47,69,66,47,36,33,53,4
Crystal Palace_2014/2015,Crystal Palace,2014/2015,-0.10526315789473684,61,68,67,62,52,36,34,48,4
Crystal Palace_2015/2016,Crystal Palace,2015/2016,-0.3157894736842105,61,67,67,69,50,36,34,41,4
SV Darmstadt 98_2015/2016,SV Darmstadt 98,2015/2016,-0.4411764705882353,59,77,52,77,45,32,56,41,4
De Graafschap_2010/2011,De Graafschap,2010/2011,-0.7352941176470589,30,40,43,45,65,42,45,50,4
De Graafschap_2011/2012,De Graafschap,2011/2012,-1.1176470588235294,37,41,47,40,63,52,43,41,4
RC Deportivo de La Coruña_2009/2010,RC Deportivo de La Coruña,2009/2010,-0.3684210526315789,30,30,30,45,65,35,35,45,1
RC Deportivo de La Coruña_2010/2011,RC Deportivo de La Coruña,2010/2011,-0.42105263157894735,56,42,57,69,61,38,44,69,2
RC Deportivo de La Coruña_2014/2015,RC Deportivo de La Coruña,2014/2015,-0.6578947368421053,56,46,38,52,68,45,50,59,4
RC Deportivo de La Coruña_2015/2016,RC Deportivo de La Coruña,2015/2016,-0.42105263157894735,53,47,38,52,55,45,50,59,3
Dijon FCO_2011/2012,Dijon FCO,2011/2012,-0.6578947368421053,51,49,49,52,52,45,46,58,4
Dundee FC_2015/2016,Dundee FC,2015/2016,-0.10526315789473684,47,48,32,61,65,50,44,52,4
Dundee United_2009/2010,Dundee United,2009/2010,0.21052631578947367,70,70,65,70,70,60,70,70,2
Dundee United_2010/2011,Dundee United,2010/2011,0.13157894736842105,68,53,67,53,67,57,57,63,2
Dundee United_2011/2012,Dundee United,2011/2012,0.3157894736842105,60,60,50,50,35,40,38,52,4
Dundee United_2013/2014,Dundee United,2013/2014,0.39473684210526316,53,52,55,53,42,41,41,52,4
Dundee United_2014/2015,Dundee United,2014/2015,0.05263157894736842,60,60,52,55,38,41,40,52,4
Dundee United_2015/2016,Dundee United,2015/2016,-0.6578947368421053,60,53,55,49,45,48,42,53,4
Dunfermline Athletic_2011/2012,Dunfermline Athletic,2011/2012,-1.105263157894737,55,60,46,68,54,42,43,63,4
SD Eibar_2014/2015,SD Eibar,2014/2015,-0.5526315789473685,62,52,60,55,64,37,56,49,2
SD Eibar_2015/2016,SD Eibar,2015/2016,-0.3157894736842105,62,52,59,55,52,37,56,49,4
Eintracht Braunschweig_2013/2014,Eintracht Braunschweig,2013/2014,-0.9117647058823529,68,54,62,66,67,57,47,53,2
Eintracht Frankfurt_2009/2010,Eintracht Frankfurt,2009/2010,-0.20588235294117646,60,35,35,70,60,65,30,45,4
Eintracht Frankfurt_2010/2011,Eintracht Frankfurt,2010/2011,-0.5294117647058824,52,43,62,62,41,48,50,53,3
Eintracht Frankfurt_2013/2014,Eintracht Frankfurt,2013/2014,-0.5,41,34,47,45,48,46,45,57,3
Eintracht Frankfurt_2014/2015,Eintracht Frankfurt,2014/2015,-0.17647058823529413,63,42,57,50,52,43,46,55,4
Eintracht Frankfurt_2015/2016,Eintracht Frankfurt,2015/2016,-0.5294117647058824,51,38,47,58,40,48,42,55,3
Elche CF_2013/2014,Elche CF,2013/2014,-0.5263157894736842,55,73,53,54,57,49,51,58,2
Elche CF_2014/2015,Elche CF,2014/2015,-0.7105263157894737,55,69,53,54,57,49,51,58,2
Empoli_2014/2015,Empoli,2014/2015,-0.15789473684210525,63,39,66,67,51,53,57,54,2
Empoli_2015/2016,Empoli,2015/2016,-0.23684210526315788,66,36,59,64,63,46,66,48,2
RCD Espanyol_2009/2010,RCD Espanyol,2009/2010,-0.4473684210526316,55,40,70,55,70,70,50,60,2
RCD Espanyol_2010/2011,RCD Espanyol,2010/2011,-0.23684210526315788,68,55,72,70,54,51,58,56,2
RCD Espanyol_2011/2012,RCD Espanyol,2011/2012,-0.2631578947368421,46,44,52,60,40,37,40,45,4
RCD Espanyol_2013/2014,RCD Espanyol,2013/2014,-0.2631578947368421,50,44,52,60,40,37,40,45,4
RCD Espanyol_2014/2015,RCD Espanyol,2014/2015,-0.10526315789473684,50,44,52,60,40,37,40,45,4
RCD Espanyol_2015/2016,RCD Espanyol,2015/2016,-0.8947368421052632,50,44,52,60,40,37,40,45,4
Estoril Praia_2013/2014,Estoril Praia,2013/2014,0.5333333333333333,66,52,47,53,39,46,49,55,3
Estoril Praia_2014/2015,Estoril Praia,2014/2015,-0.5294117647058824,66,52,47,53,39,46,49,55,3
Estoril Praia_2015/2016,Estoril Praia,2015/2016,-0.029411764705882353,59,52,47,53,39,46,49,55,3
KAS Eupen_2010/2011,KAS Eupen,2010/2011,-0.7333333333333333,50,55,50,55,55,50,50,55,4
Everton_2009/2010,Everton,2009/2010,0.2894736842105263,60,65,60,70,45,40,70,40,2
Everton_2010/2011,Everton,2010/2011,0.15789473684210525,60,50,55,70,55,55,65,60,2
Everton_2011/2012,Everton,2011/2012,0.2631578947368421,56,56,48,57,56,50,50,60,2
Everton_2013/2014,Everton,2013/2014,0.5789473684210527,58,62,48,59,32,41,44,59,3
Everton_2014/2015,Everton,2014/2015,-0.05263157894736842,61,42,39,59,48,52,58,60,3
Everton_2015/2016,Everton,2015/2016,0.10526315789473684,43,40,39,33,63,52,58,59,3
Évian Thonon Gaillard FC_2011/2012,Évian Thonon Gaillard FC,2011/2012,-0.02631578947368421,53,44,52,52,64,47,56,50,2
Évian Thonon Gaillard FC_2013/2014,Évian Thonon Gaillard FC,2013/2014,-0.3157894736842105,53,44,52,52,64,47,56,50,2
Évian Thonon Gaillard FC_2014/2015,Évian Thonon Gaillard FC,2014/2015,-0.5526315789473685,61,44,52,61,48,47,56,50,3
Excelsior_2010/2011,Excelsior,2010/2011,-0.6176470588235294,73,59,77,33,52,25,47,33,4
Excelsior_2011/2012,Excelsior,2011/2012,-1.411764705882353,47,52,63,45,37,23,30,32,1
Excelsior_2015/2016,Excelsior,2015/2016,-0.7647058823529411,53,69,48,45,43,29,41,36,4
Falkirk_2009/2010,Falkirk,2009/2010,-0.6842105263157895,70,70,60,70,70,60,70,70,2
1. FC Köln_2009/2010,1. FC Köln,2009/2010,-0.2647058823529412,55,65,65,40,60,45,55,70,2
1. FC Köln_2010/2011,1. FC Köln,2010/2011,-0.4411764705882353,58,71,42,39,50,40,40,56,4
1. FC Köln_2011/2012,1. FC Köln,2011/2012,-1.0588235294117647,53,53,57,44,57,43,55,67,2
1. FC Köln_2014/2015,1. FC Köln,2014/2015,-0.17647058823529413,59,57,53,47,59,57,46,54,2
1. FC Köln_2015/2016,1. FC Köln,2015/2016,-0.11764705882352941,59,65,57,36,71,42,56,51,2
FC Groningen_2009/2010,FC Groningen,2009/2010,0.029411764705882353,41,32,40,47,69,30,30,30,1
FC Groningen_2010/2011,FC Groningen,2010/2011,0.38235294117647056,51,39,48,67,62,43,44,49,4
FC Groningen_2011/2012,FC Groningen,2011/2012,-0.5882352941176471,44,41,48,64,42,49,47,53,3
FC Groningen_2013/2014,FC Groningen,2013/2014,0.11764705882352941,44,44,56,58,42,49,47,53,3
FC Groningen_2014/2015,FC Groningen,2014/2015,-0.11764705882352941,48,38,57,59,45,49,47,53,3
FC Groningen_2015/2016,FC Groningen,2015/2016,-0.20588235294117646,55,55,57,59,54,49,47,53,4
FC Porto_2009/2010,FC Porto,2009/2010,1.4666666666666666,30,30,60,60,60,30,30,30,1
FC Porto_2010/2011,FC Porto,2010/2011,1.9,50,50,50,65,65,55,43,65,2
FC Porto_2011/2012,FC Porto,2011/2012,1.6666666666666667,52,53,56,72,68,61,49,60,2
FC Porto_2013/2014,FC Porto,2013/2014,1.0666666666666667,52,53,56,72,68,58,60,57,2
FC Porto_2014/2015,FC Porto,2014/2015,1.7941176470588236,52,53,56,66,68,58,60,60,2
FC Porto_2015/2016,FC Porto,2015/2016,1.088235294117647,70,53,56,66,68,58,60,60,2
FC Utrecht_2009/2010,FC Utrecht,2009/2010,0.17647058823529413,45,45,33,50,67,30,30,30,1
FC Utrecht_2010/2011,FC Utrecht,2010/2011,0.11764705882352941,66,45,41,69,72,34,57,34,4
FC Utrecht_2011/2012,FC Utrecht,2011/2012,-0.08823529411764706,47,52,52,54,52,45,49,47,4
FC Utrecht_2013/2014,FC Utrecht,2013/2014,-0.5588235294117647,47,52,52,54,60,45,49,47,4
FC Utrecht_2014/2015,FC Utrecht,2014/2015,-0.058823529411764705,50,52,55,49,52,45,49,47,4
FC Utrecht_2015/2016,FC Utrecht,2015/2016,0.2647058823529412,50,54,55,64,28,54,58,47,3
FC Vaduz_2015/2016,FC Vaduz,2015/2016,-0.4444444444444444,53,56,38,53,46,42,33,58,4
FC Zürich_2009/2010,FC Zürich,2009/2010,-0.08333333333333333,45,60,45,70,50,50,55,50,3
FC Zürich_2010/2011,FC Zürich,2010/2011,0.8333333333333334,48,56,49,61,55,54,49,60,2
FC Zürich_2011/2012,FC Zürich,2011/2012,-0.029411764705882353,62,46,50,50,54,47,43,56,4
FC Zürich_2013/2014,FC Zürich,2013/2014,-0.027777777777777776,62,46,50,50,54,47,43,56,4
FC Zürich_2014/2015,FC Zürich,2014/2015,0.19444444444444445,62,46,47,50,54,47,43,56,4
FC Zürich_2015/2016,FC Zürich,2015/2016,-0.6388888888888888,62,46,47,50,54,47,43,56,4
Feyenoord_2009/2010,Feyenoord,2009/2010,0.6764705882352942,30,30,44,41,46,30,30,30,1
Feyenoord_2010/2011,Feyenoord,2010/2011,-0.029411764705882353,47,53,43,33,32,48,59,53,3
Feyenoord_2011/2012,Feyenoord,2011/2012,0.9705882352941176,38,34,60,44,50,43,43,54,3
Feyenoord_2013/2014,Feyenoord,2013/2014,1.0588235294117647,44,44,48,62,50,43,43,40,4
Feyenoord_2014/2015,Feyenoord,2014/2015,0.5,54,60,48,67,50,43,43,40,4
Feyenoord_2015/2016,Feyenoord,2015/2016,0.6470588235294118,50,48,48,67,31,43,46,40,3
Fiorentina_2009/2010,Fiorentina,2009/2010,0.02631578947368421,67,30,50,60,60,45,30,60,4
Fiorentina_2010/2011,Fiorentina,2010/2011,0.13157894736842105,49,50,50,60,60,45,45,50,4
Fiorentina_2011/2012,Fiorentina,2011/2012,-0.17647058823529413,45,50,65,50,50,45,45,50,4
Fiorentina_2013/2014,Fiorentina,2013/2014,0.5526315789473685,53,51,64,51,53,47,47,51,4
Fiorentina_2014/2015,Fiorentina,2014/2015,0.39473684210526316,34,33,68,51,53,58,59,67,2
Fiorentina_2015/2016,Fiorentina,2015/2016,0.47368421052631576,34,33,68,51,53,58,59,61,2
SC Freiburg_2009/2010,SC Freiburg,2009/2010,-0.7058823529411765,50,30,30,70,60,55,50,50,3
SC Freiburg_2010/2011,SC Freiburg,2010/2011,-0.2647058823529412,50,47,47,41,34,41,42,50,3
SC Freiburg_2011/2012,SC Freiburg,2011/2012,-0.47058823529411764,52,61,62,50,42,30,50,39,4
SC Freiburg_2013/2014,SC Freiburg,2013/2014,-0.5294117647058824,59,38,55,39,43,53,62,37,3
SC Freiburg_2014/2015,SC Freiburg,2014/2015,-0.3235294117647059,39,48,55,33,44,59,60,39,3
Frosinone_2015/2016,Frosinone,2015/2016,-1.0789473684210527,63,46,51,50,50,55,57,47,3
Fulham_2009/2010,Fulham,2009/2010,-0.18421052631578946,60,70,70,70,50,40,35,40,4
Fulham_2010/2011,Fulham,2010/2011,0.15789473684210525,50,55,45,55,40,45,35,50,4
Fulham_2011/2012,Fulham,2011/2012,-0.07894736842105263,48,45,38,62,54,38,38,62,4
Fulham_2013/2014,Fulham,2013/2014,-1.1842105263157894,52,49,49,56,59,39,39,57,4
KRC Genk_2009/2010,KRC Genk,2009/2010,0.07142857142857142,45,45,50,35,60,70,65,70,3
KRC Genk_2010/2011,KRC Genk,2010/2011,1.2333333333333334,66,52,65,66,51,48,47,54,2
KRC Genk_2011/2012,KRC Genk,2011/2012,0.5333333333333333,53,55,55,48,56,47,45,55,4
KRC Genk_2014/2015,KRC Genk,2014/2015,0.3333333333333333,58,38,67,48,56,47,45,55,4
KRC Genk_2015/2016,KRC Genk,2015/2016,0.4,58,38,30,69,56,36,57,70,3
Genoa_2009/2010,Genoa,2009/2010,-0.10526315789473684,70,50,70,40,65,40,65,30,4
Genoa_2010/2011,Genoa,2010/2011,-0.05263157894736842,65,35,50,50,50,54,65,35,3
Genoa_2011/2012,Genoa,2011/2012,-0.5277777777777778,50,50,50,50,50,45,45,50,4
Genoa_2013/2014,Genoa,2013/2014,-0.23684210526315788,64,38,66,67,49,46,47,53,4
Genoa_2014/2015,Genoa,2014/2015,0.39473684210526316,64,68,66,53,49,23,47,53,4
Genoa_2015/2016,Genoa,2015/2016,-0.07894736842105263,64,68,66,45,23,27,47,53,4
KAA Gent_2009/2010,KAA Gent,2009/2010,0.6785714285714286,70,65,60,50,60,45,50,40,4
KAA Gent_2010/2011,KAA Gent,2010/2011,0.5666666666666667,55,55,54,74,56,61,39,38,4
KAA Gent_2011/2012,KAA Gent,2011/2012,0.9333333333333333,50,47,55,66,47,48,45,52,4
KAA Gent_2013/2014,KAA Gent,2013/2014,0.8333333333333334,50,37,28,66,34,50,53,40,3
KAA Gent_2014/2015,KAA Gent,2014/2015,0.7666666666666667,50,37,28,66,34,55,59,52,3
KAA Gent_2015/2016,KAA Gent,2015/2016,0.9,50,37,42,66,34,49,54,52,3
Getafe CF_2009/2010,Getafe CF,2009/2010,0.2631578947368421,30,35,35,50,70,40,30,50,1
Getafe CF_2010/2011,Getafe CF,2010/2011,-0.2894736842105263,54,45,38,54,57,59,39,66,3
Getafe CF_2011/2012,Getafe CF,2011/2012,-0.2894736842105263,25,40,58,42,52,49,45,47,3
Getafe CF_2013/2014,Getafe CF,2013/2014,-0.5,29,40,58,42,52,49,45,47,3
Getafe CF_2014/2015,Getafe CF,2014/2015,-0.8157894736842105,35,40,58,42,52,49,45,47,3
Getafe CF_2015/2016,Getafe CF,2015/2016,-0.7894736842105263,34,38,55,39,49,43,42,49,3
GFC Ajaccio_2015/2016,GFC Ajaccio,2015/2016,-0.5526315789473685,48,52,55,53,55,42,46,53,4
Gil Vicente FC_2011/2012,Gil Vicente FC,2011/2012,-0.36666666666666664,46,41,54,52,46,39,57,53,3
Gil Vicente FC_2013/2014,Gil Vicente FC,2013/2014,-0.4666666666666667,46,41,54,52,46,39,57,53,3
Gil Vicente FC_2014/2015,Gil Vicente FC,2014/2015,-1.0294117647058822,65,41,54,47,46,39,40,53,4
GKS Bełchatów_2009/2010,GKS Bełchatów,2009/2010,0.3333333333333333,30,50,45,40,70,65,70,65,2
GKS Bełchatów_2010/2011,GKS Bełchatów,2010/2011,-0.06666666666666667,47,27,45,51,54,48,60,37,3
GKS Bełchatów_2011/2012,GKS Bełchatów,2011/2012,-0.06666666666666667,52,67,52,73,50,47,45,35,4
Go Ahead Eagles_2014/2015,Go Ahead Eagles,2014/2015,-0.8823529411764706,55,42,37,42,53,43,47,51,3
Górnik Łęczna_2015/2016,Górnik Łęczna,2015/2016,-0.43333333333333335,41,59,41,44,54,52,47,50,3
Polonia Bytom_2010/2011,Polonia Bytom,2010/2011,-0.13333333333333333,46,38,36,33,53,53,54,55,3
Granada CF_2011/2012,Granada CF,2011/2012,-0.5526315789473685,48,37,72,76,52,49,45,68,2
Granada CF_2013/2014,Granada CF,2013/2014,-0.631578947368421,52,37,72,76,52,49,45,68,2
Granada CF_2014/2015,Granada CF,2014/2015,-0.9210526315789473,52,37,67,68,52,49,45,64,2
Granada CF_2015/2016,Granada CF,2015/2016,-0.6052631578947368,57,59,61,63,51,48,45,62,2
Grasshopper Club Zürich_2009/2010,Grasshopper Club Zürich,2009/2010,0.6111111111111112,30,50,55,70,55,40,60,60,2
Grasshopper Club Zürich_2010/2011,Grasshopper Club Zürich,2010/2011,-0.25,67,53,55,66,63,43,48,62,2
Grasshopper Club Zürich_2011/2012,Grasshopper Club Zürich,2011/2012,-1.0,50,54,52,54,46,36,43,47,4
Grasshopper Club Zürich_2013/2014,Grasshopper Club Zürich,2013/2014,0.6666666666666666,50,54,52,54,46,36,43,47,4
Grasshopper Club Zürich_2014/2015,Grasshopper Club Zürich,2014/2015,-0.16666666666666666,50,54,52,54,46,36,43,47,4
Grasshopper Club Zürich_2015/2016,Grasshopper Club Zürich,2015/2016,0.25,50,54,52,54,46,36,43,47,4
Grenoble Foot 38_2009/2010,Grenoble Foot 38,2009/2010,-0.7894736842105263,70,70,65,60,70,70,55,70,2
En Avant de Guingamp_2013/2014,En Avant de Guingamp,2013/2014,-0.21052631578947367,52,48,53,49,59,46,43,49,4
En Avant de Guingamp_2014/2015,En Avant de Guingamp,2014/2015,-0.3684210526315789,63,48,53,49,48,43,47,49,4
En Avant de Guingamp_2015/2016,En Avant de Guingamp,2015/2016,-0.23684210526315788,63,58,42,56,36,49,47,49,3
Hamburger SV_2009/2010,Hamburger SV,2009/2010,0.4411764705882353,70,60,70,60,70,70,45,60,2
Hamburger SV_2010/2011,Hamburger SV,2010/2011,-0.17647058823529413,52,29,61,58,54,60,55,52,2
Hamburger SV_2011/2012,Hamburger SV,2011/2012,-0.6470588235294118,46,40,60,55,39,55,47,48,3
Hamburger SV_2013/2014,Hamburger SV,2013/2014,-0.7058823529411765,34,38,34,59,48,45,35,58,3
Hamburger SV_2014/2015,Hamburger SV,2014/2015,-0.7352941176470589,45,58,60,73,62,45,32,63,2
Hamburger SV_2015/2016,Hamburger SV,2015/2016,-0.17647058823529413,42,52,62,58,47,44,41,49,4
Hamilton Academical FC_2009/2010,Hamilton Academical FC,2009/2010,-0.18421052631578946,70,70,70,70,60,60,65,70,2
Hamilton Academical FC_2010/2011,Hamilton Academical FC,2010/2011,-0.9210526315789473,66,52,52,53,34,46,47,52,3
Hamilton Academical FC_2015/2016,Hamilton Academical FC,2015/2016,-0.5526315789473685,48,47,73,53,71,55,48,52,2
Hannover 96_2009/2010,Hannover 96,2009/2010,-0.7058823529411765,55,70,65,45,65,70,70,70,2
Hannover 96_2010/2011,Hannover 96,2010/2011,0.11764705882352941,55,56,55,43,53,39,37,53,4
Hannover 96_2011/2012,Hannover 96,2011/2012,-0.11764705882352941,65,58,63,44,64,39,45,47,4
Hannover 96_2013/2014,Hannover 96,2013/2014,-0.38235294117647056,78,58,66,39,41,39,48,47,4
Hannover 96_2014/2015,Hannover 96,2014/2015,-0.47058823529411764,48,38,38,51,40,37,48,56,3
Hannover 96_2015/2016,Hannover 96,2015/2016,-0.9117647058823529,48,41,38,51,40,35,50,61,3
Heart of Midlothian_2009/2010,Heart of Midlothian,2009/2010,-0.2894736842105263,70,70,70,70,70,60,70,70,2
Heart of Midlothian_2010/2011,Heart of Midlothian,2010/2011,0.21052631578947367,66,53,53,68,66,56,68,66,2
Heart of Midlothian_2011/2012,Heart of Midlothian,2011/2012,0.05263157894736842,55,62,55,60,60,50,52,57,2
Heart of Midlothian_2013/2014,Heart of Midlothian,2013/2014,-0.5263157894736842,52,53,59,60,64,52,53,57,2
Heracles Almelo_2009/2010,Heracles Almelo,2009/2010,0.14705882352941177,30,45,31,43,59,30,30,30,1
Heracles Almelo_2010/2011,Heracles Almelo,2010/2011,0.2647058823529412,69,45,40,70,45,36,66,34,4
Heracles Almelo_2011/2012,Heracles Almelo,2011/2012,-0.29411764705882354,43,27,55,58,60,33,43,47,4
Heracles Almelo_2013/2014,Heracles Almelo,2013/2014,-0.4117647058823529,39,32,40,42,66,47,43,47,4
Heracles Almelo_2014/2015,Heracles Almelo,2014/2015,-0.5,46,32,48,58,59,60,62,47,3
Heracles Almelo_2015/2016,Heracles Almelo,2015/2016,-0.058823529411764705,50,61,48,58,59,60,62,47,2
Hércules Club de Fútbol_2010/2011,Hércules Club de Fútbol,2010/2011,-0.631578947368421,54,55,53,40,59,48,58,53,4
Hertha BSC Berlin_2009/2010,Hertha BSC Berlin,2009/2010,-0.6470588235294118,60,50,45,55,55,55,30,55,4
Hertha BSC Berlin_2011/2012,Hertha BSC Berlin,2011/2012,-0.7647058823529411,48,45,45,51,46,50,50,55,3
Hertha BSC Berlin_2013/2014,Hertha BSC Berlin,2013/2014,-0.23529411764705882,40,55,63,46,63,50,38,55,4
Hertha BSC Berlin_2014/2015,Hertha BSC Berlin,2014/2015,-0.47058823529411764,68,55,51,59,59,41,60,51,2
Hertha BSC Berlin_2015/2016,Hertha BSC Berlin,2015/2016,0.0,47,55,59,68,45,50,45,57,4
Hibernian_2009/2010,Hibernian,2009/2010,0.07894736842105263,70,70,60,70,70,60,70,70,2
Hibernian_2010/2011,Hibernian,2010/2011,-0.5789473684210527,48,51,52,64,52,47,47,51,4
Hibernian_2011/2012,Hibernian,2011/2012,-0.7105263157894737,55,44,46,48,44,42,40,40,4
Hibernian_2013/2014,Hibernian,2013/2014,-0.5263157894736842,60,46,58,48,44,47,46,60,3
TSG 1899 Hoffenheim_2009/2010,TSG 1899 Hoffenheim,2009/2010,0.058823529411764705,70,30,70,55,55,65,70,65,2
TSG 1899 Hoffenheim_2010/2011,TSG 1899 Hoffenheim,2010/2011,0.0,75,35,72,51,68,68,50,52,2
TSG 1899 Hoffenheim_2011/2012,TSG 1899 Hoffenheim,2011/2012,-0.17647058823529413,61,53,42,62,54,47,59,40,4
TSG 1899 Hoffenheim_2013/2014,TSG 1899 Hoffenheim,2013/2014,0.058823529411764705,32,53,36,62,64,47,52,45,4
TSG 1899 Hoffenheim_2014/2015,TSG 1899 Hoffenheim,2014/2015,-0.17647058823529413,68,63,68,38,55,56,57,54,2
TSG 1899 Hoffenheim_2015/2016,TSG 1899 Hoffenheim,2015/2016,-0.4411764705882353,69,53,66,62,59,63,61,38,2
Hull City_2009/2010,Hull City,2009/2010,-1.0789473684210527,65,60,70,70,55,70,70,70,2
Hull City_2013/2014,Hull City,2013/2014,-0.39473684210526316,63,48,38,60,54,34,37,46,4
Hull City_2014/2015,Hull City,2014/2015,-0.47368421052631576,56,51,54,60,48,38,37,46,4
FC Ingolstadt 04_2015/2016,FC Ingolstadt 04,2015/2016,-0.2647058823529412,55,46,47,53,51,37,48,49,4
Inter_2009/2010,Inter,2009/2010,1.0789473684210527,55,55,50,55,70,50,60,55,2
Inter_2010/2011,Inter,2010/2011,0.7105263157894737,55,50,50,55,65,50,60,55,2
Inter_2011/2012,Inter,2011/2012,0.08108108108108109,45,50,65,50,65,35,55,35,4
Inter_2013/2014,Inter,2013/2014,0.6052631578947368,67,67,68,52,66,36,57,38,2
Inter_2014/2015,Inter,2014/2015,0.2894736842105263,67,67,68,69,66,23,57,34,2
Inter_2015/2016,Inter,2015/2016,0.3157894736842105,58,54,56,60,53,47,49,63,2
Inverness Caledonian Thistle_2010/2011,Inverness Caledonian Thistle,2010/2011,0.21052631578947367,36,67,66,37,51,37,57,36,4
Inverness Caledonian Thistle_2011/2012,Inverness Caledonian Thistle,2011/2012,-0.47368421052631576,61,59,48,52,54,40,40,46,4
Inverness Caledonian Thistle_2013/2014,Inverness Caledonian Thistle,2013/2014,0.0,35,54,56,54,61,47,46,46,4
Inverness Caledonian Thistle_2014/2015,Inverness Caledonian Thistle,2014/2015,0.2631578947368421,61,59,50,57,55,43,41,46,4
Inverness Caledonian Thistle_2015/2016,Inverness Caledonian Thistle,2015/2016,0.15789473684210525,48,32,57,48,69,44,44,51,4
Jagiellonia Białystok_2009/2010,Jagiellonia Białystok,2009/2010,0.06666666666666667,30,50,45,35,70,70,70,70,2
Jagiellonia Białystok_2010/2011,Jagiellonia Białystok,2010/2011,0.2,33,52,48,39,64,32,56,52,4
Jagiellonia Białystok_2011/2012,Jagiellonia Białystok,2011/2012,-0.3333333333333333,58,69,53,42,68,40,50,51,4
Jagiellonia Białystok_2013/2014,Jagiellonia Białystok,2013/2014,0.1,58,69,53,42,68,40,50,51,4
Jagiellonia Białystok_2014/2015,Jagiellonia Białystok,2014/2015,0.26666666666666666,38,38,53,27,66,57,56,49,3
Jagiellonia Białystok_2015/2016,Jagiellonia Białystok,2015/2016,-0.5666666666666667,66,38,53,33,66,57,56,49,4
Juventus_2009/2010,Juventus,2009/2010,-0.02631578947368421,45,35,45,55,70,50,35,70,4
Juventus_2010/2011,Juventus,2010/2011,0.2631578947368421,65,50,50,77,50,55,55,35,4
Juventus_2011/2012,Juventus,2011/2012,1.2857142857142858,50,35,65,65,50,35,55,35,4
Juventus_2013/2014,Juventus,2013/2014,1.5,39,33,51,63,72,66,67,36,2
Juventus_2014/2015,Juventus,2014/2015,1.263157894736842,26,24,64,53,72,23,67,36,1
Juventus_2015/2016,Juventus,2015/2016,1.4473684210526316,50,20,65,50,80,35,65,35,2
1. FC Kaiserslautern_2010/2011,1. FC Kaiserslautern,2010/2011,-0.08823529411764706,48,42,49,68,53,38,48,53,4
1. FC Kaiserslautern_2011/2012,1. FC Kaiserslautern,2011/2012,-0.8823529411764706,38,54,43,49,64,37,51,53,4
Kilmarnock_2009/2010,Kilmarnock,2009/2010,-0.5789473684210527,70,70,70,70,65,60,70,70,2
Kilmarnock_2010/2011,Kilmarnock,2010/2011,-0.05263157894736842,36,36,37,52,51,48,43,48,3
Kilmarnock_2011/2012,Kilmarnock,2011/2012,-0.4473684210526316,56,61,55,48,46,43,43,52,4
Kilmarnock_2013/2014,Kilmarnock,2013/2014,-0.5526315789473685,53,54,55,50,49,47,49,52,4
Kilmarnock_2014/2015,Kilmarnock,2014/2015,-0.39473684210526316,56,61,56,48,46,44,44,52,4
Kilmarnock_2015/2016,Kilmarnock,2015/2016,-0.6052631578947368,50,60,49,62,47,46,46,52,4
Korona Kielce_2009/2010,Korona Kielce,2009/2010,-0.2,30,45,45,35,70,50,70,50,3
Korona Kielce_2010/2011,Korona Kielce,2010/2011,-0.4666666666666667,67,66,49,49,69,57,48,67,2
Korona Kielce_2011/2012,Korona Kielce,2011/2012,0.16666666666666666,75,62,48,53,68,58,43,65,2
Korona Kielce_2013/2014,Korona Kielce,2013/2014,-0.16666666666666666,70,50,48,53,68,58,43,60,2
Korona Kielce_2014/2015,Korona Kielce,2014/2015,-0.26666666666666666,73,50,64,53,36,30,43,62,4
Korona Kielce_2015/2016,Korona Kielce,2015/2016,-0.16666666666666666,59,50,64,53,36,30,43,62,4
KV Kortrijk_2009/2010,KV Kortrijk,2009/2010,0.32142857142857145,50,60,50,50,50,60,60,65,3
KV Kortrijk_2010/2011,KV Kortrijk,2010/2011,-0.1,38,65,38,69,52,34,57,47,4
KV Kortrijk_2011/2012,KV Kortrijk,2011/2012,0.1,31,47,37,67,50,46,45,52,3
KV Kortrijk_2014/2015,KV Kortrijk,2014/2015,0.6333333333333333,42,47,37,67,30,46,45,52,3
KV Kortrijk_2015/2016,KV Kortrijk,2015/2016,-0.13333333333333333,42,47,37,67,30,46,45,52,3
KV Mechelen_2009/2010,KV Mechelen,2009/2010,-0.35714285714285715,65,60,50,40,50,60,70,60,3
KV Mechelen_2010/2011,KV Mechelen,2010/2011,0.13333333333333333,67,57,47,47,52,48,61,48,4
KV Mechelen_2011/2012,KV Mechelen,2011/2012,-0.3333333333333333,52,54,47,53,50,52,60,48,3
KV Mechelen_2014/2015,KV Mechelen,2014/2015,-0.06666666666666667,52,40,47,53,50,42,51,52,3
KV Mechelen_2015/2016,KV Mechelen,2015/2016,-0.06666666666666667,52,40,47,53,50,42,51,52,3
UD Las Palmas_2015/2016,UD Las Palmas,2015/2016,-0.21052631578947367,48,44,53,42,53,53,39,57,3
FC Lausanne-Sports_2011/2012,FC Lausanne-Sports,2011/2012,-0.9411764705882353,37,49,52,60,48,43,43,55,4
FC Lausanne-Sports_2013/2014,FC Lausanne-Sports,2013/2014,-0.9166666666666666,51,49,52,60,48,43,43,55,4
Lazio_2009/2010,Lazio,2009/2010,-0.10526315789473684,60,50,50,40,70,55,50,70,2
Lazio_2010/2011,Lazio,2010/2011,0.42105263157894735,60,35,50,35,51,45,50,35,4
Lazio_2011/2012,Lazio,2011/2012,0.2777777777777778,45,50,65,50,50,35,45,50,4
Lazio_2013/2014,Lazio,2013/2014,0.0,51,54,68,52,69,59,53,54,2
Lazio_2014/2015,Lazio,2014/2015,0.8378378378378378,49,54,68,63,69,59,53,54,2
Lazio_2015/2016,Lazio,2015/2016,0.0,68,55,68,80,72,59,66,65,2
Le Mans FC_2009/2010,Le Mans FC,2009/2010,-0.6052631578947368,70,45,65,60,65,70,60,70,2
Lecce_2010/2011,Lecce,2010/2011,-0.5263157894736842,50,50,50,60,52,30,55,65,4
Lecce_2011/2012,Lecce,2011/2012,-0.4,45,50,50,50,35,35,55,50,3
Lech Poznań_2009/2010,Lech Poznań,2009/2010,1.0333333333333334,40,35,45,40,70,60,55,45,3
Lech Poznań_2010/2011,Lech Poznań,2010/2011,0.4666666666666667,64,57,68,48,70,59,37,48,2
Lech Poznań_2011/2012,Lech Poznań,2011/2012,0.6666666666666666,67,54,56,62,67,47,47,63,2
Lech Poznań_2013/2014,Lech Poznań,2013/2014,0.7333333333333333,67,54,56,62,67,47,47,63,2
Lech Poznań_2014/2015,Lech Poznań,2014/2015,0.8333333333333334,67,54,56,62,67,47,47,63,2
Lech Poznań_2015/2016,Lech Poznań,2015/2016,-0.03333333333333333,57,40,59,70,67,50,58,45,2
Lechia Gdańsk_2009/2010,Lechia Gdańsk,2009/2010,-0.06666666666666667,30,45,45,35,70,70,70,65,2
Lechia Gdańsk_2010/2011,Lechia Gdańsk,2010/2011,0.03333333333333333,63,37,68,30,52,46,60,47,4
Lechia Gdańsk_2011/2012,Lechia Gdańsk,2011/2012,-0.3,44,52,50,53,68,49,48,65,2
Lechia Gdańsk_2013/2014,Lechia Gdańsk,2013/2014,0.03333333333333333,44,52,50,53,68,49,59,60,2
Lechia Gdańsk_2014/2015,Lechia Gdańsk,2014/2015,-0.03333333333333333,62,52,50,63,52,37,58,63,2
Lechia Gdańsk_2015/2016,Lechia Gdańsk,2015/2016,0.26666666666666666,62,52,66,59,58,51,58,40,2
Legia Warszawa_2009/2010,Legia Warszawa,2009/2010,0.4666666666666667,30,35,55,45,70,65,70,60,2
Legia Warszawa_2010/2011,Legia Warszawa,2010/2011,0.23333333333333334,67,35,55,36,53,59,48,66,3
Legia Warszawa_2011/2012,Legia Warszawa,2011/2012,0.8333333333333334,69,55,52,40,53,59,49,67,3
Legia Warszawa_2013/2014,Legia Warszawa,2013/2014,1.0,69,55,52,40,53,59,49,63,3
Legia Warszawa_2014/2015,Legia Warszawa,2014/2015,0.9,54,36,52,51,64,47,46,66,2
Legia Warszawa_2015/2016,Legia Warszawa,2015/2016,1.0,54,36,52,51,64,50,60,58,2
Leicester City_2014/2015,Leicester City,2014/2015,-0.23684210526315788,63,48,47,62,69,58,62,54,2
Leicester City_2015/2016,Leicester City,2015/2016,0.8421052631578947,63,60,47,64,46,58,65,55,2
Leixões SC_2009/2010,Leixões SC,2009/2010,-0.8666666666666667,30,30,50,50,65,30,30,30,1
RC Lens_2009/2010,RC Lens,2009/2010,-0.10526315789473684,30,30,60,50,70,70,60,70,2
RC Lens_2010/2011,RC Lens,2010/2011,-0.6052631578947368,65,50,50,65,65,45,55,50,2
RC Lens_2014/2015,RC Lens,2014/2015,-0.7631578947368421,64,49,49,53,34,46,44,49,3
Levante UD_2010/2011,Levante UD,2010/2011,-0.2894736842105263,68,56,69,55,58,37,47,54,2
Levante UD_2011/2012,Levante UD,2011/2012,0.10526315789473684,53,63,55,61,52,47,52,56,2
Levante UD_2013/2014,Levante UD,2013/2014,-0.21052631578947367,57,63,55,61,52,47,52,56,2
Levante UD_2014/2015,Levante UD,2014/2015,-0.868421052631579,57,63,55,61,52,47,52,56,2
Levante UD_2015/2016,Levante UD,2015/2016,-0.868421052631579,62,65,71,42,65,36,33,42,4
Lierse SK_2010/2011,Lierse SK,2010/2011,-1.0666666666666667,48,65,55,45,50,46,48,45,4
Lierse SK_2011/2012,Lierse SK,2011/2012,-0.4,69,58,56,52,61,45,49,65,2
Lierse SK_2013/2014,Lierse SK,2013/2014,-1.1666666666666667,69,58,56,52,61,38,49,65,2
Lierse SK_2014/2015,Lierse SK,2014/2015,-1.1,69,58,56,52,61,38,49,65,2
LOSC Lille_2009/2010,LOSC Lille,2009/2010,0.8421052631578947,70,60,50,45,55,55,70,55,2
LOSC Lille_2010/2011,LOSC Lille,2010/2011,0.8421052631578947,65,65,50,80,50,55,55,35,2
LOSC Lille_2011/2012,LOSC Lille,2011/2012,0.868421052631579,34,23,63,52,49,58,56,48,3
LOSC Lille_2013/2014,LOSC Lille,2013/2014,0.5263157894736842,34,42,63,52,49,47,42,48,4
LOSC Lille_2014/2015,LOSC Lille,2014/2015,0.02631578947368421,45,42,68,52,49,59,42,48,4
LOSC Lille_2015/2016,LOSC Lille,2015/2016,0.3157894736842105,45,43,68,52,64,59,42,48,2
Liverpool_2009/2010,Liverpool,2009/2010,0.6842105263157895,50,35,50,60,70,40,60,40,4
Liverpool_2010/2011,Liverpool,2010/2011,0.39473684210526316,60,50,40,45,60,55,55,50,3
Liverpool_2011/2012,Liverpool,2011/2012,0.18421052631578946,60,60,48,73,53,50,48,62,2
Liverpool_2013/2014,Liverpool,2013/2014,1.3421052631578947,39,44,42,34,54,59,52,61,3
Liverpool_2014/2015,Liverpool,2014/2015,0.10526315789473684,71,32,34,41,61,51,48,62,3
Liverpool_2015/2016,Liverpool,2015/2016,0.34210526315789475,66,45,34,34,46,51,52,61,3
Livorno_2009/2010,Livorno,2009/2010,-0.8947368421052632,30,30,30,30,55,30,30,30,1
Livorno_2013/2014,Livorno,2013/2014,-1.0,58,55,52,57,63,58,49,56,2
Widzew Łódź_2011/2012,Widzew Łódź,2011/2012,-1.0,66,72,70,61,54,32,32,62,4
Sporting Lokeren_2009/2010,Sporting Lokeren,2009/2010,-1.1428571428571428,60,60,50,40,50,65,65,70,3
Sporting Lokeren_2010/2011,Sporting Lokeren,2010/2011,0.23333333333333334,66,53,48,46,52,48,58,55,3
Sporting Lokeren_2011/2012,Sporting Lokeren,2011/2012,0.26666666666666666,67,52,51,50,50,45,52,52,4
Sporting Lokeren_2014/2015,Sporting Lokeren,2014/2015,0.2,62,52,42,50,62,45,52,52,4
Sporting Lokeren_2015/2016,Sporting Lokeren,2015/2016,-0.16666666666666666,62,52,42,50,62,45,52,52,4
FC Lorient_2009/2010,FC Lorient,2009/2010,0.3157894736842105,45,70,30,50,40,70,60,70,3
FC Lorient_2010/2011,FC Lorient,2010/2011,-0.05263157894736842,35,35,80,50,50,55,35,65,2
FC Lorient_2011/2012,FC Lorient,2011/2012,-0.3684210526315789,60,42,48,53,64,43,47,48,4
FC Lorient_2013/2014,FC Lorient,2013/2014,-0.13157894736842105,60,42,48,53,64,43,47,48,4
FC Lorient_2014/2015,FC Lorient,2014/2015,-0.15789473684210525,60,42,48,53,64,43,47,48,4
FC Lorient_2015/2016,FC Lorient,2015/2016,-0.2894736842105263,57,50,48,53,46,51,56,55,3
FC Luzern_2009/2010,FC Luzern,2009/2010,0.3055555555555556,45,60,45,70,60,40,45,50,4
FC Luzern_2010/2011,FC Luzern,2010/2011,0.1388888888888889,48,57,63,34,64,56,45,52,2
FC Luzern_2011/2012,FC Luzern,2011/2012,0.4117647058823529,46,48,51,53,55,48,47,50,4
FC Luzern_2013/2014,FC Luzern,2013/2014,-0.16666666666666666,46,48,51,53,55,48,47,50,4
FC Luzern_2014/2015,FC Luzern,2014/2015,0.2222222222222222,63,51,54,40,66,48,53,50,4
FC Luzern_2015/2016,FC Luzern,2015/2016,0.25,63,51,54,40,66,48,53,50,4
Olympique Lyonnais_2009/2010,Olympique Lyonnais,2009/2010,0.6842105263157895,60,40,70,45,70,70,60,70,2
Olympique Lyonnais_2010/2011,Olympique Lyonnais,2010/2011,0.5526315789473685,65,50,50,50,80,45,45,65,2
Olympique Lyonnais_2011/2012,Olympique Lyonnais,2011/2012,0.34210526315789475,49,52,49,54,67,46,47,47,4
Olympique Lyonnais_2013/2014,Olympique Lyonnais,2013/2014,0.3157894736842105,49,52,49,54,67,46,47,47,4
Olympique Lyonnais_2014/2015,Olympique Lyonnais,2014/2015,1.0263157894736843,49,52,49,54,67,46,47,47,4
Olympique Lyonnais_2015/2016,Olympique Lyonnais,2015/2016,0.631578947368421,49,52,49,54,67,46,47,47,4
1. FSV Mainz 05_2009/2010,1. FSV Mainz 05,2009/2010,-0.17647058823529413,45,40,45,70,70,50,70,50,2
1. FSV Mainz 05_2010/2011,1. FSV Mainz 05,2010/2011,0.38235294117647056,65,50,59,62,53,57,53,43,2
1. FSV Mainz 05_2011/2012,1. FSV Mainz 05,2011/2012,-0.11764705882352941,68,57,55,39,60,52,65,53,2
1. FSV Mainz 05_2013/2014,1. FSV Mainz 05,2013/2014,-0.058823529411764705,66,52,55,37,56,48,65,53,2
1. FSV Mainz 05_2014/2015,1. FSV Mainz 05,2014/2015,-0.058823529411764705,67,57,55,38,44,53,60,52,3
1. FSV Mainz 05_2015/2016,1. FSV Mainz 05,2015/2016,0.11764705882352941,60,53,49,40,44,55,62,47,3
Málaga CF_2009/2010,Málaga CF,2009/2010,-0.15789473684210525,60,55,40,45,70,45,65,45,4
Málaga CF_2010/2011,Málaga CF,2010/2011,-0.3684210526315789,58,54,54,55,61,45,47,54,4
Málaga CF_2011/2012,Málaga CF,2011/2012,0.02631578947368421,41,36,72,69,50,64,58,42,2
Málaga CF_2013/2014,Málaga CF,2013/2014,-0.18421052631578946,45,36,72,69,50,64,58,42,2
Málaga CF_2014/2015,Málaga CF,2014/2015,-0.15789473684210525,45,36,69,69,50,64,58,42,2
Málaga CF_2015/2016,Málaga CF,2015/2016,0.07894736842105263,42,36,41,40,50,47,37,52,3
RCD Mallorca_2009/2010,RCD Mallorca,2009/2010,0.39473684210526316,40,40,50,40,50,45,40,45,4
RCD Mallorca_2010/2011,RCD Mallorca,2010/2011,-0.39473684210526316,53,52,55,52,53,47,48,55,4
RCD Mallorca_2011/2012,RCD Mallorca,2011/2012,-0.10526315789473684,58,57,53,57,53,59,41,56,4
Manchester City_2009/2010,Manchester City,2009/2010,0.7368421052631579,70,60,55,70,70,45,55,45,2
Manchester City_2010/2011,Manchester City,2010/2011,0.7105263157894737,70,60,70,65,75,65,65,50,2
Manchester City_2011/2012,Manchester City,2011/2012,1.6842105263157894,45,55,40,38,48,50,60,54,3
Manchester City_2013/2014,Manchester City,2013/2014,1.7105263157894737,36,34,39,44,38,42,44,54,3
Manchester City_2014/2015,Manchester City,2014/2015,1.1842105263157894,59,29,32,49,62,42,44,54,3
Manchester City_2015/2016,Manchester City,2015/2016,0.7894736842105263,59,29,38,36,24,48,47,54,3
Manchester United_2009/2010,Manchester United,2009/2010,1.5263157894736843,70,45,45,70,65,40,50,40,4
Manchester United_2010/2011,Manchester United,2010/2011,1.0789473684210527,65,40,65,65,70,45,45,65,2
Manchester United_2011/2012,Manchester United,2011/2012,1.4736842105263157,46,54,46,60,55,40,50,56,4
Manchester United_2013/2014,Manchester United,2013/2014,0.5526315789473685,46,38,46,68,37,49,49,56,3
Manchester United_2014/2015,Manchester United,2014/2015,0.6578947368421053,46,54,49,72,56,42,41,56,4
Manchester United_2015/2016,Manchester United,2015/2016,0.3684210526315789,38,44,49,44,40,54,53,56,3
CS Marítimo_2009/2010,CS Marítimo,2009/2010,-0.03333333333333333,30,30,55,50,65,30,30,30,1
CS Marítimo_2010/2011,CS Marítimo,2010/2011,0.03333333333333333,30,30,55,60,50,49,45,50,3
CS Marítimo_2011/2012,CS Marítimo,2011/2012,0.1,38,44,54,76,55,38,49,46,4
CS Marítimo_2013/2014,CS Marítimo,2013/2014,-0.13333333333333333,38,44,54,76,55,38,49,46,4
CS Marítimo_2014/2015,CS Marítimo,2014/2015,0.029411764705882353,67,66,67,64,55,37,45,44,4
CS Marítimo_2015/2016,CS Marítimo,2015/2016,-0.5294117647058824,61,66,67,64,55,38,49,46,2
Olympique de Marseille_2009/2010,Olympique de Marseille,2009/2010,0.868421052631579,55,45,70,65,70,65,70,65,2
Olympique de Marseille_2010/2011,Olympique de Marseille,2010/2011,0.6052631578947368,65,35,65,65,80,55,55,65,2
Olympique de Marseille_2011/2012,Olympique de Marseille,2011/2012,0.10526315789473684,48,50,49,51,48,44,48,51,4
Olympique de Marseille_2013/2014,Olympique de Marseille,2013/2014,0.34210526315789475,48,50,49,77,64,44,48,54,2
Olympique de Marseille_2014/2015,Olympique de Marseille,2014/2015,0.8947368421052632,51,50,49,69,68,48,48,60,2
Olympique de Marseille_2015/2016,Olympique de Marseille,2015/2016,0.15789473684210525,51,41,49,69,31,48,48,60,3
FC Metz_2014/2015,FC Metz,2014/2015,-0.7894736842105263,55,49,49,54,53,46,54,50,4
AS Monaco_2009/2010,AS Monaco,2009/2010,-0.15789473684210525,35,55,65,55,45,70,65,70,2
AS Monaco_2010/2011,AS Monaco,2010/2011,-0.10526315789473684,65,50,65,35,50,35,55,50,4
AS Monaco_2013/2014,AS Monaco,2013/2014,0.8421052631578947,52,48,37,37,37,35,34,51,4
AS Monaco_2014/2015,AS Monaco,2014/2015,0.6578947368421053,52,48,37,37,37,35,34,51,4
AS Monaco_2015/2016,AS Monaco,2015/2016,0.18421052631578946,52,43,54,56,23,56,62,51,3
RAEC Mons_2011/2012,RAEC Mons,2011/2012,-0.16666666666666666,50,50,55,48,46,46,45,47,4
Montpellier Hérault SC_2009/2010,Montpellier Hérault SC,2009/2010,0.2631578947368421,35,35,55,35,70,70,70,70,2
Montpellier Hérault SC_2010/2011,Montpellier Hérault SC,2010/2011,-0.2894736842105263,50,50,35,50,50,35,55,65,3
Montpellier Hérault SC_2011/2012,Montpellier Hérault SC,2011/2012,0.8947368421052632,52,47,48,49,52,34,43,37,4
Montpellier Hérault SC_2013/2014,Montpellier Hérault SC,2013/2014,-0.21052631578947367,52,47,48,49,52,34,43,37,4
Montpellier Hérault SC_2014/2015,Montpellier Hérault SC,2014/2015,0.18421052631578946,52,47,48,49,52,53,56,48,3
Montpellier Hérault SC_2015/2016,Montpellier Hérault SC,2015/2016,0.05263157894736842,54,65,48,49,45,53,56,48,3
Moreirense FC_2015/2016,Moreirense FC,2015/2016,-0.47058823529411764,38,43,51,54,39,44,46,48,3
Motherwell_2009/2010,Motherwell,2009/2010,-0.05263157894736842,70,70,70,70,65,60,70,70,2
Motherwell_2010/2011,Motherwell,2010/2011,-0.5263157894736842,48,49,52,52,48,47,46,48,4
Motherwell_2011/2012,Motherwell,2011/2012,0.13157894736842105,70,55,40,46,60,38,42,62,4
Motherwell_2013/2014,Motherwell,2013/2014,0.10526315789473684,67,54,49,47,58,39,43,64,4
Motherwell_2014/2015,Motherwell,2014/2015,-0.6578947368421053,70,55,42,47,60,41,43,62,4
Motherwell_2015/2016,Motherwell,2015/2016,-0.42105263157894735,64,55,44,45,27,37,44,51,3
Royal Excel Mouscron_2015/2016,Royal Excel Mouscron,2015/2016,-0.4,50,50,50,50,50,45,45,50,4
NAC Breda_2009/2010,NAC Breda,2009/2010,-0.20588235294117646,30,35,35,40,60,30,30,30,1
NAC Breda_2010/2011,NAC Breda,2010/2011,-0.47058823529411764,33,44,35,40,60,42,47,54,3
NAC Breda_2011/2012,NAC Breda,2011/2012,-0.2647058823529412,40,48,48,47,42,43,48,50,3
NAC Breda_2013/2014,NAC Breda,2013/2014,-0.3235294117647059,58,53,48,47,46,43,48,50,4
NAC Breda_2014/2015,NAC Breda,2014/2015,-0.9411764705882353,46,54,32,42,42,43,39,50,3
CD Nacional_2009/2010,CD Nacional,2009/2010,-0.3333333333333333,45,30,60,55,50,30,30,30,1
CD Nacional_2010/2011,CD Nacional,2010/2011,-0.1,47,30,60,55,50,35,55,48,4
CD Nacional_2011/2012,CD Nacional,2011/2012,-0.06666666666666667,41,43,53,59,53,49,50,57,3
CD Nacional_2013/2014,CD Nacional,2013/2014,0.3333333333333333,41,43,53,59,53,49,50,57,3
CD Nacional_2014/2015,CD Nacional,2014/2015,-0.029411764705882353,41,43,53,44,53,42,42,57,4
CD Nacional_2015/2016,CD Nacional,2015/2016,-0.47058823529411764,65,43,53,44,53,42,42,57,4
AS Nancy-Lorraine_2009/2010,AS Nancy-Lorraine,2009/2010,-0.18421052631578946,65,40,60,70,30,70,70,70,3
AS Nancy-Lorraine_2010/2011,AS Nancy-Lorraine,2010/2011,-0.13157894736842105,35,35,35,65,35,35,55,50,3
AS Nancy-Lorraine_2011/2012,AS Nancy-Lorraine,2011/2012,-0.2631578947368421,49,49,52,53,67,43,46,50,4
FC Nantes_2013/2014,FC Nantes,2013/2014,-0.07894736842105263,46,51,52,44,49,47,51,54,3
FC Nantes_2014/2015,FC Nantes,2014/2015,-0.2894736842105263,63,48,52,55,49,47,51,54,4
FC Nantes_2015/2016,FC Nantes,2015/2016,-0.2894736842105263,63,56,52,55,46,39,41,52,4
Naval 1° de Maio_2009/2010,Naval 1° de Maio,2009/2010,-0.5,30,30,45,50,70,30,30,30,1
Naval 1° de Maio_2010/2011,Naval 1° de Maio,2010/2011,-0.8333333333333334,50,65,35,50,50,45,41,35,4
N.E.C._2009/2010,N.E.C.,2009/2010,-0.7058823529411765,32,30,35,40,60,30,30,30,1
N.E.C._2010/2011,N.E.C.,2010/2011,0.029411764705882353,47,46,48,78,32,33,54,31,4
N.E.C._2011/2012,N.E.C.,2011/2012,-0.08823529411764706,46,38,39,55,50,45,48,53,3
N.E.C._2013/2014,N.E.C.,2013/2014,-0.8235294117647058,46,41,52,37,57,45,48,53,4
Newcastle United_2010/2011,Newcastle United,2010/2011,-0.02631578947368421,55,50,60,50,60,45,45,50,4
Newcastle United_2011/2012,Newcastle United,2011/2012,0.13157894736842105,54,54,54,68,48,52,48,42,4
Newcastle United_2013/2014,Newcastle United,2013/2014,-0.42105263157894735,58,72,48,51,46,41,39,51,4
Newcastle United_2014/2015,Newcastle United,2014/2015,-0.6052631578947368,54,47,47,51,39,56,54,51,3
Newcastle United_2015/2016,Newcastle United,2015/2016,-0.5526315789473685,58,49,47,54,46,41,39,51,4
OGC Nice_2009/2010,OGC Nice,2009/2010,-0.42105263157894735,70,70,60,30,65,70,70,70,2
OGC Nice_2010/2011,OGC Nice,2010/2011,-0.39473684210526316,50,50,50,50,65,45,45,35,4
OGC Nice_2011/2012,OGC Nice,2011/2012,-0.18421052631578946,48,66,49,51,34,26,47,64,4
OGC Nice_2013/2014,OGC Nice,2013/2014,-0.3684210526315789,48,66,49,66,34,56,47,64,3
OGC Nice_2014/2015,OGC Nice,2014/2015,-0.23684210526315788,48,66,49,66,34,56,47,64,3
OGC Nice_2015/2016,OGC Nice,2015/2016,0.4473684210526316,48,53,49,66,38,57,47,61,3
Norwich City_2011/2012,Norwich City,2011/2012,-0.3684210526315789,63,61,42,76,62,40,50,42,4
Norwich City_2013/2014,Norwich City,2013/2014,-0.8947368421052632,70,70,56,67,48,40,43,53,4
Norwich City_2015/2016,Norwich City,2015/2016,-0.7368421052631579,45,55,46,54,47,38,39,51,4
Novara_2011/2012,Novara,2011/2012,-0.8333333333333334,55,50,50,50,50,35,45,50,4
1. FC Nürnberg_2009/2010,1. FC Nürnberg,2009/2010,-0.7647058823529411,45,50,40,70,70,55,55,40,2
1. FC Nürnberg_2010/2011,1. FC Nürnberg,2010/2011,0.058823529411764705,45,50,47,45,56,55,61,46,3
1. FC Nürnberg_2011/2012,1. FC Nürnberg,2011/2012,-0.3235294117647059,44,49,51,49,48,30,40,43,4
1. FC Nürnberg_2013/2014,1. FC Nürnberg,2013/2014,-0.9705882352941176,46,49,56,54,67,39,57,44,4
Odra Wodzisław_2009/2010,Odra Wodzisław,2009/2010,-0.6,30,45,45,40,70,70,70,65,2
S.C. Olhanense_2009/2010,S.C. Olhanense,2009/2010,-0.5,45,55,50,60,45,50,45,60,3
S.C. Olhanense_2010/2011,S.C. Olhanense,2010/2011,-0.3333333333333333,65,55,50,50,65,50,45,35,4
S.C. Olhanense_2011/2012,S.C. Olhanense,2011/2012,-0.06666666666666667,45,40,53,37,44,37,24,44,1
S.C. Olhanense_2013/2014,S.C. Olhanense,2013/2014,-0.9333333333333333,45,52,53,37,43,37,31,44,4
KV Oostende_2014/2015,KV Oostende,2014/2015,-0.4,52,54,45,42,53,42,47,44,4
KV Oostende_2015/2016,KV Oostende,2015/2016,0.36666666666666664,52,54,45,42,53,42,47,44,4
CA Osasuna_2009/2010,CA Osasuna,2009/2010,-0.23684210526315788,35,35,45,65,55,30,65,55,3
CA Osasuna_2010/2011,CA Osasuna,2010/2011,-0.02631578947368421,55,54,56,69,68,48,61,68,2
CA Osasuna_2011/2012,CA Osasuna,2011/2012,-0.4473684210526316,34,52,55,59,54,47,52,69,2
CA Osasuna_2013/2014,CA Osasuna,2013/2014,-0.7894736842105263,38,52,55,59,54,47,52,69,2
Oud-Heverlee Leuven_2011/2012,Oud-Heverlee Leuven,2011/2012,-0.6666666666666666,52,50,50,53,54,43,44,50,4
FC Paços de Ferreira_2009/2010,FC Paços de Ferreira,2009/2010,-0.16666666666666666,30,30,50,60,60,30,30,30,1
FC Paços de Ferreira_2010/2011,FC Paços de Ferreira,2010/2011,-0.23333333333333334,50,50,50,49,49,45,55,50,3
FC Paços de Ferreira_2011/2012,FC Paços de Ferreira,2011/2012,-0.6,38,39,52,53,52,36,39,68,4
FC Paços de Ferreira_2013/2014,FC Paços de Ferreira,2013/2014,-1.0333333333333334,50,39,52,53,52,36,39,64,4
FC Paços de Ferreira_2014/2015,FC Paços de Ferreira,2014/2015,-0.14705882352941177,38,39,52,53,52,36,39,64,4
FC Paços de Ferreira_2015/2016,FC Paços de Ferreira,2015/2016,0.029411764705882353,63,39,64,53,52,36,39,64,4
SC Paderborn 07_2014/2015,SC Paderborn 07,2014/2015,-1.0,73,55,52,48,63,33,55,53,4
Palermo_2009/2010,Palermo,2009/2010,0.3157894736842105,63,50,30,30,70,45,40,60,4
Palermo_2010/2011,Palermo,2010/2011,-0.13157894736842105,65,35,50,65,50,35,45,50,4
Palermo_2011/2012,Palermo,2011/2012,-0.2631578947368421,60,40,50,35,65,45,45,50,4
Palermo_2014/2015,Palermo,2014/2015,-0.05263157894736842,66,37,56,34,63,43,42,48,4
Palermo_2015/2016,Palermo,2015/2016,-0.7105263157894737,66,36,60,34,64,44,58,50,4
Paris Saint-Germain_2009/2010,Paris Saint-Germain,2009/2010,0.10526315789473684,50,65,40,65,55,70,70,70,2
Paris Saint-Germain_2010/2011,Paris Saint-Germain,2010/2011,0.39473684210526316,35,35,35,35,50,45,55,65,3
Paris Saint-Germain_2011/2012,Paris Saint-Germain,2011/2012,0.8947368421052632,49,41,62,52,60,49,46,52,4
Paris Saint-Germain_2013/2014,Paris Saint-Germain,2013/2014,1.605263157894737,49,41,62,52,60,49,46,52,4
Paris Saint-Germain_2014/2015,Paris Saint-Germain,2014/2015,1.236842105263158,49,55,62,61,68,57,53,56,2
Paris Saint-Germain_2015/2016,Paris Saint-Germain,2015/2016,2.1842105263157894,49,34,62,61,35,57,53,56,3
Parma_2009/2010,Parma,2009/2010,-0.13157894736842105,30,30,40,60,70,45,30,70,4
Parma_2010/2011,Parma,2010/2011,-0.21052631578947367,50,30,48,55,65,45,47,50,4
Parma_2011/2012,Parma,2011/2012,0.027777777777777776,45,35,50,65,50,45,45,50,4
Parma_2013/2014,Parma,2013/2014,0.3157894736842105,48,33,46,62,45,39,43,46,4
Parma_2014/2015,Parma,2014/2015,-1.105263157894737,48,33,69,62,45,54,66,46,2
Partick Thistle F.C._2014/2015,Partick Thistle F.C.,2014/2015,0.10526315789473684,48,37,49,50,52,47,44,52,3
Partick Thistle F.C._2015/2016,Partick Thistle F.C.,2015/2016,-0.23684210526315788,48,47,47,53,60,46,46,49,4
PEC Zwolle_2013/2014,PEC Zwolle,2013/2014,-0.058823529411764705,47,49,50,50,54,46,44,51,4
PEC Zwolle_2014/2015,PEC Zwolle,2014/2015,0.47058823529411764,57,39,57,50,54,58,60,63,2
PEC Zwolle_2015/2016,PEC Zwolle,2015/2016,0.058823529411764705,45,56,57,50,58,58,60,63,2
Piast Gliwice_2009/2010,Piast Gliwice,2009/2010,-0.6666666666666666,30,45,45,35,70,65,70,60,2
Piast Gliwice_2013/2014,Piast Gliwice,2013/2014,-0.6,30,46,48,37,39,32,45,48,3
Piast Gliwice_2014/2015,Piast Gliwice,2014/2015,-0.16666666666666666,64,67,64,66,39,36,45,48,4
Piast Gliwice_2015/2016,Piast Gliwice,2015/2016,0.43333333333333335,64,67,64,66,39,36,45,48,4
Podbeskidzie Bielsko-Biała_2011/2012,Podbeskidzie Bielsko-Biała,2011/2012,-0.43333333333333335,54,51,48,47,42,47,57,48,3
Podbeskidzie Bielsko-Biała_2013/2014,Podbeskidzie Bielsko-Biała,2013/2014,-0.4,54,51,48,47,42,47,57,48,3
Podbeskidzie Bielsko-Biała_2014/2015,Podbeskidzie Bielsko-Biała,2014/2015,-0.26666666666666666,72,66,66,51,49,29,35,38,4
Podbeskidzie Bielsko-Biała_2015/2016,Podbeskidzie Bielsko-Biała,2015/2016,-0.3,68,66,66,51,49,29,35,38,4
Pogoń Szczecin_2013/2014,Pogoń Szczecin,2013/2014,0.3,67,54,56,62,67,47,47,63,2
Pogoń Szczecin_2014/2015,Pogoń Szczecin,2014/2015,0.06666666666666667,50,36,52,36,52,50,60,47,3
Pogoń Szczecin_2015/2016,Pogoń Szczecin,2015/2016,0.2,50,36,52,40,52,57,54,47,3
Polonia Bytom_2009/2010,Polonia Bytom,2009/2010,-0.06666666666666667,30,50,45,35,70,60,70,55,2
Polonia Bytom_2010/2011,Polonia Bytom,2010/2011,-0.5333333333333333,46,38,36,33,53,53,54,55,3
P. Warszawa_2009/2010,P. Warszawa,2009/2010,-0.43333333333333335,30,40,45,40,70,55,65,55,3
P. Warszawa_2010/2011,P. Warszawa,2010/2011,0.5,33,47,69,40,53,55,34,51,4
P. Warszawa_2011/2012,P. Warszawa,2011/2012,0.03333333333333333,34,45,39,67,74,31,32,50,4
Portsmouth_2009/2010,Portsmouth,2009/2010,-0.8421052631578947,70,70,70,70,55,40,70,40,2
PSV_2009/2010,PSV,2009/2010,1.2647058823529411,30,30,33,52,70,30,30,30,1
PSV_2010/2011,PSV,2010/2011,1.3235294117647058,63,30,67,65,68,57,37,64,2
PSV_2011/2012,PSV,2011/2012,1.1764705882352942,33,42,40,55,48,43,30,48,4
PSV_2013/2014,PSV,2013/2014,0.4411764705882353,54,45,55,58,55,43,50,48,4
PSV_2014/2015,PSV,2014/2015,1.7941176470588236,67,40,53,53,55,50,62,55,2
PSV_2015/2016,PSV,2015/2016,1.6470588235294117,67,43,53,44,28,40,40,48,3
Queens Park Rangers_2011/2012,Queens Park Rangers,2011/2012,-0.6052631578947368,57,58,60,48,48,42,51,44,4
Queens Park Rangers_2014/2015,Queens Park Rangers,2014/2015,-0.8157894736842105,52,53,53,54,54,50,44,54,4
Racing Santander_2009/2010,Racing Santander,2009/2010,-0.4473684210526316,45,55,70,70,65,45,55,50,2
Racing Santander_2010/2011,Racing Santander,2010/2011,-0.39473684210526316,53,56,73,72,39,47,37,53,4
Racing Santander_2011/2012,Racing Santander,2011/2012,-0.9210526315789473,43,44,61,71,50,50,50,68,2
Rangers_2009/2010,Rangers,2009/2010,1.4210526315789473,65,50,70,70,70,60,70,70,2
Rangers_2010/2011,Rangers,2010/2011,1.5526315789473684,51,33,48,67,79,46,47,51,2
Rangers_2011/2012,Rangers,2011/2012,1.2894736842105263,45,45,38,62,60,48,48,62,3
Rayo Vallecano_2011/2012,Rayo Vallecano,2011/2012,-0.5263157894736842,41,44,44,44,47,63,51,59,3
Rayo Vallecano_2013/2014,Rayo Vallecano,2013/2014,-0.8947368421052632,45,44,44,44,47,63,51,59,3
Rayo Vallecano_2014/2015,Rayo Vallecano,2014/2015,-0.5789473684210527,45,44,44,44,47,63,51,59,3
Rayo Vallecano_2015/2016,Rayo Vallecano,2015/2016,-0.5526315789473685,29,44,44,44,47,54,52,63,3
Real Betis Balompié_2011/2012,Real Betis Balompié,2011/2012,-0.23684210526315788,55,37,59,43,53,58,49,58,3
Real Betis Balompié_2013/2014,Real Betis Balompié,2013/2014,-1.105263157894737,59,37,59,43,53,58,49,58,3
Real Betis Balompié_2015/2016,Real Betis Balompié,2015/2016,-0.47368421052631576,59,37,59,43,53,58,49,58,3
Real Madrid CF_2009/2010,Real Madrid CF,2009/2010,1.763157894736842,55,30,70,60,70,65,40,65,2
Real Madrid CF_2010/2011,Real Madrid CF,2010/2011,1.8157894736842106,54,39,67,60,67,68,55,55,2
Real Madrid CF_2011/2012,Real Madrid CF,2011/2012,2.3421052631578947,45,35,71,54,73,49,60,68,2
Real Madrid CF_2013/2014,Real Madrid CF,2013/2014,1.736842105263158,50,41,68,54,72,39,49,65,2
Real Madrid CF_2014/2015,Real Madrid CF,2014/2015,2.1052631578947367,50,41,68,54,69,39,49,65,2
Real Madrid CF_2015/2016,Real Madrid CF,2015/2016,2.0,50,46,61,41,63,52,60,63,2
Real Sociedad_2010/2011,Real Sociedad,2010/2011,-0.4473684210526316,54,43,54,51,60,49,49,51,4
Real Sociedad_2011/2012,Real Sociedad,2011/2012,-0.15789473684210525,24,36,60,52,59,48,53,70,2
Real Sociedad_2013/2014,Real Sociedad,2013/2014,0.18421052631578946,28,36,60,52,59,48,53,70,2
Real Sociedad_2014/2015,Real Sociedad,2014/2015,-0.18421052631578946,35,36,60,52,59,48,53,65,2
Real Sociedad_2015/2016,Real Sociedad,2015/2016,-0.07894736842105263,60,50,54,60,52,49,53,53,4
Stade de Reims_2013/2014,Stade de Reims,2013/2014,-0.21052631578947367,61,48,48,52,50,33,44,50,4
Stade de Reims_2014/2015,Stade de Reims,2014/2015,-0.5,48,48,48,52,50,33,44,50,4
Stade de Reims_2015/2016,Stade de Reims,2015/2016,-0.34210526315789475,48,49,48,52,58,33,44,50,4
Stade Rennais FC_2009/2010,Stade Rennais FC,2009/2010,0.2894736842105263,50,45,70,60,60,70,70,70,2
Stade Rennais FC_2010/2011,Stade Rennais FC,2010/2011,0.07894736842105263,65,35,65,65,65,55,45,65,2
Stade Rennais FC_2011/2012,Stade Rennais FC,2011/2012,0.23684210526315788,64,41,49,52,64,46,44,51,4
Stade Rennais FC_2013/2014,Stade Rennais FC,2013/2014,0.05263157894736842,64,41,49,52,64,46,44,51,4
Stade Rennais FC_2014/2015,Stade Rennais FC,2014/2015,-0.18421052631578946,64,41,49,52,64,46,44,51,4
Stade Rennais FC_2015/2016,Stade Rennais FC,2015/2016,-0.05263157894736842,64,41,49,52,64,46,44,51,4
Rio Ave FC_2009/2010,Rio Ave FC,2009/2010,-0.36666666666666664,30,30,45,55,60,30,30,30,1
Rio Ave FC_2010/2011,Rio Ave FC,2010/2011,0.06666666666666667,50,50,65,65,50,45,45,50,4
Rio Ave FC_2011/2012,Rio Ave FC,2011/2012,-0.3,36,38,60,54,54,39,50,42,4
Rio Ave FC_2013/2014,Rio Ave FC,2013/2014,-0.4666666666666667,36,38,60,54,54,39,50,42,4
Rio Ave FC_2014/2015,Rio Ave FC,2014/2015,-0.11764705882352941,66,44,58,65,54,39,48,66,2
Rio Ave FC_2015/2016,Rio Ave FC,2015/2016,0.0,66,44,58,65,54,39,48,66,2
RKC Waalwijk_2009/2010,RKC Waalwijk,2009/2010,-1.4705882352941178,30,50,35,60,55,50,45,55,3
RKC Waalwijk_2011/2012,RKC Waalwijk,2011/2012,-0.2647058823529412,47,48,42,38,55,41,41,43,4
RKC Waalwijk_2013/2014,RKC Waalwijk,2013/2014,-0.5882352941176471,47,48,66,38,55,29,28,36,1
Siena_2009/2010,Siena,2009/2010,-0.7105263157894737,35,30,30,30,55,40,65,55,3
Siena_2011/2012,Siena,2011/2012,-0.1388888888888889,45,50,50,50,50,45,45,50,4
Roda JC Kerkrade_2009/2010,Roda JC Kerkrade,2009/2010,-0.11764705882352941,30,35,35,50,70,30,30,30,1
Roda JC Kerkrade_2010/2011,Roda JC Kerkrade,2010/2011,0.4411764705882353,65,51,33,38,53,48,57,34,4
Roda JC Kerkrade_2011/2012,Roda JC Kerkrade,2011/2012,-0.4411764705882353,55,52,62,43,54,47,44,50,4
Roda JC Kerkrade_2013/2014,Roda JC Kerkrade,2013/2014,-0.7352941176470589,42,44,49,40,38,47,44,55,3
KSV Roeselare_2009/2010,KSV Roeselare,2009/2010,-1.0357142857142858,65,60,50,35,40,65,70,70,3
Roma_2009/2010,Roma,2009/2010,0.7105263157894737,70,30,60,60,70,55,30,70,2
Roma_2010/2011,Roma,2010/2011,0.18421052631578946,64,30,67,50,65,46,47,50,2
Roma_2011/2012,Roma,2011/2012,0.1891891891891892,60,40,65,35,50,35,45,50,4
Roma_2013/2014,Roma,2013/2014,1.236842105263158,53,55,77,75,56,49,47,53,2
Roma_2014/2015,Roma,2014/2015,0.6052631578947368,67,38,73,64,56,36,57,34,4
Roma_2015/2016,Roma,2015/2016,1.105263157894737,68,47,71,54,66,36,57,48,2
Ross County FC_2013/2014,Ross County FC,2013/2014,-0.47368421052631576,35,62,50,36,50,40,56,47,4
Ross County FC_2014/2015,Ross County FC,2014/2015,-0.4473684210526316,34,34,44,38,38,39,51,44,3
Ross County FC_2015/2016,Ross County FC,2015/2016,-0.15789473684210525,45,60,46,49,58,36,53,34,4
Ruch Chorzów_2009/2010,Ruch Chorzów,2009/2010,0.3333333333333333,30,40,50,35,70,65,60,50,3
Ruch Chorzów_2010/2011,Ruch Chorzów,2010/2011,-0.1,48,51,68,67,51,46,48,50,2
Ruch Chorzów_2011/2012,Ruch Chorzów,2011/2012,0.5333333333333333,53,55,44,65,50,43,44,49,4
Ruch Chorzów_2013/2014,Ruch Chorzów,2013/2014,0.06666666666666667,53,55,44,65,50,43,44,49,4
Ruch Chorzów_2014/2015,Ruch Chorzów,2014/2015,-0.16666666666666666,53,38,66,65,50,43,44,49,4
Ruch Chorzów_2015/2016,Ruch Chorzów,2015/2016,-0.3,47,38,61,65,50,43,44,49,4
AS Saint-Étienne_2009/2010,AS Saint-Étienne,2009/2010,-0.47368421052631576,65,65,55,60,60,30,30,30,4
AS Saint-Étienne_2010/2011,AS Saint-Étienne,2010/2011,-0.02631578947368421,65,35,35,65,65,35,45,65,4
AS Saint-Étienne_2011/2012,AS Saint-Étienne,2011/2012,0.10526315789473684,49,52,48,52,52,35,44,50,4
AS Saint-Étienne_2013/2014,AS Saint-Étienne,2013/2014,0.5789473684210527,49,52,48,52,52,35,44,50,4
AS Saint-Étienne_2014/2015,AS Saint-Étienne,2014/2015,0.5526315789473685,58,52,48,52,52,35,44,50,4
AS Saint-Étienne_2015/2016,AS Saint-Étienne,2015/2016,0.13157894736842105,58,52,48,64,52,48,51,49,4
Sampdoria_2009/2010,Sampdoria,2009/2010,0.21052631578947367,60,30,30,30,65,50,30,55,4
Sampdoria_2010/2011,Sampdoria,2010/2011,-0.42105263157894735,50,65,65,65,50,35,45,55,4
Sampdoria_2013/2014,Sampdoria,2013/2014,-0.3684210526315789,36,38,49,62,33,50,51,53,3
Sampdoria_2014/2015,Sampdoria,2014/2015,0.15789473684210525,36,38,49,52,62,54,57,64,3
Sampdoria_2015/2016,Sampdoria,2015/2016,-0.34210526315789475,36,38,49,52,29,50,51,53,3
Sassuolo_2013/2014,Sassuolo,2013/2014,-0.7631578947368421,57,60,56,63,64,38,47,53,2
Sassuolo_2014/2015,Sassuolo,2014/2015,-0.21052631578947367,57,60,66,57,63,54,47,36,2
Sassuolo_2015/2016,Sassuolo,2015/2016,0.23684210526315788,57,60,56,57,56,38,47,53,4
SC Bastia_2013/2014,SC Bastia,2013/2014,-0.42105263157894735,50,50,50,51,49,44,45,50,4
SC Bastia_2014/2015,SC Bastia,2014/2015,-0.23684210526315788,67,43,56,51,49,39,47,48,4
SC Bastia_2015/2016,SC Bastia,2015/2016,-0.15789473684210525,61,52,56,51,49,44,55,48,4
SC Heerenveen_2009/2010,SC Heerenveen,2009/2010,-0.5882352941176471,35,30,45,45,60,30,30,30,1
SC Heerenveen_2010/2011,SC Heerenveen,2010/2011,0.17647058823529413,49,48,52,67,52,58,60,65,2
SC Heerenveen_2011/2012,SC Heerenveen,2011/2012,0.5882352941176471,67,53,48,75,39,45,44,48,4
SC Heerenveen_2013/2014,SC Heerenveen,2013/2014,0.6176470588235294,47,37,48,52,42,46,44,48,3
SC Heerenveen_2014/2015,SC Heerenveen,2014/2015,0.20588235294117646,53,46,65,43,46,46,44,48,4
SC Heerenveen_2015/2016,SC Heerenveen,2015/2016,-0.4411764705882353,54,56,65,43,44,46,44,48,4
FC Schalke 04_2009/2010,FC Schalke 04,2009/2010,0.6470588235294118,65,55,55,70,70,70,45,70,2
FC Schalke 04_2010/2011,FC Schalke 04,2010/2011,-0.17647058823529413,63,57,55,70,62,37,67,38,2
FC Schalke 04_2011/2012,FC Schalke 04,2011/2012,0.8823529411764706,50,36,59,52,56,43,44,53,4
FC Schalke 04_2013/2014,FC Schalke 04,2013/2014,0.5882352941176471,60,47,62,54,52,45,58,42,4
FC Schalke 04_2014/2015,FC Schalke 04,2014/2015,0.058823529411764705,39,45,42,56,41,51,51,40,3
FC Schalke 04_2015/2016,FC Schalke 04,2015/2016,0.058823529411764705,58,42,64,61,37,55,59,56,3
Servette FC_2011/2012,Servette FC,2011/2012,-0.23529411764705882,48,51,53,66,45,49,45,49,4
Sevilla FC_2009/2010,Sevilla FC,2009/2010,0.42105263157894735,30,30,70,60,70,60,70,65,2
Sevilla FC_2010/2011,Sevilla FC,2010/2011,0.02631578947368421,68,58,68,67,71,57,58,68,2
Sevilla FC_2011/2012,Sevilla FC,2011/2012,0.02631578947368421,61,65,53,57,38,38,49,55,4
Sevilla FC_2013/2014,Sevilla FC,2013/2014,0.4473684210526316,65,65,53,57,38,38,49,55,4
Sevilla FC_2014/2015,Sevilla FC,2014/2015,0.6842105263157895,65,65,53,57,38,38,49,55,4
Sevilla FC_2015/2016,Sevilla FC,2015/2016,0.02631578947368421,53,53,53,52,60,42,48,59,4
FC Sion_2009/2010,FC Sion,2009/2010,0.16666666666666666,35,60,50,60,60,35,40,45,4
FC Sion_2010/2011,FC Sion,2010/2011,0.3055555555555556,47,56,67,56,54,41,43,39,4
FC Sion_2011/2012,FC Sion,2011/2012,0.14705882352941177,61,37,62,50,53,45,43,54,4
FC Sion_2013/2014,FC Sion,2013/2014,-0.19444444444444445,61,37,62,50,53,45,43,54,4
FC Sion_2014/2015,FC Sion,2014/2015,-0.027777777777777776,61,37,62,50,53,45,47,54,4
FC Sion_2015/2016,FC Sion,2015/2016,0.08333333333333333,61,37,62,50,53,45,47,54,4
Śląsk Wrocław_2009/2010,Śląsk Wrocław,2009/2010,-0.03333333333333333,30,45,45,35,70,60,70,50,3
Śląsk Wrocław_2010/2011,Śląsk Wrocław,2010/2011,0.4,47,55,45,48,54,48,47,51,4
Śląsk Wrocław_2011/2012,Śląsk Wrocław,2011/2012,0.5333333333333333,65,63,67,31,67,24,24,39,4
Śląsk Wrocław_2013/2014,Śląsk Wrocław,2013/2014,-0.06666666666666667,65,50,67,31,67,30,30,40,4
Śląsk Wrocław_2014/2015,Śląsk Wrocław,2014/2015,0.23333333333333334,47,34,38,36,68,37,37,39,1
Śląsk Wrocław_2015/2016,Śląsk Wrocław,2015/2016,-0.3,50,35,51,51,55,45,55,39,4
FC Sochaux-Montbéliard_2009/2010,FC Sochaux-Montbéliard,2009/2010,-0.631578947368421,66,70,35,40,50,65,30,65,3
FC Sochaux-Montbéliard_2010/2011,FC Sochaux-Montbéliard,2010/2011,0.4473684210526316,50,50,35,65,35,45,55,65,3
FC Sochaux-Montbéliard_2011/2012,FC Sochaux-Montbéliard,2011/2012,-0.5263157894736842,63,39,63,72,49,54,43,49,2
FC Sochaux-Montbéliard_2013/2014,FC Sochaux-Montbéliard,2013/2014,-0.631578947368421,63,39,63,64,49,54,43,49,4
Southampton_2013/2014,Southampton,2013/2014,0.21052631578947367,47,38,52,56,58,57,63,44,3
Southampton_2014/2015,Southampton,2014/2015,0.5526315789473685,47,40,42,56,51,62,64,44,3
Southampton_2015/2016,Southampton,2015/2016,0.47368421052631576,52,46,42,54,30,50,65,44,3
Sparta Rotterdam_2009/2010,Sparta Rotterdam,2009/2010,-1.0588235294117647,35,40,30,45,65,30,30,30,1
Sporting Charleroi_2009/2010,Sporting Charleroi,2009/2010,-0.6071428571428571,40,50,45,43,60,70,70,70,2
Sporting Charleroi_2010/2011,Sporting Charleroi,2010/2011,-1.1333333333333333,47,36,34,33,53,49,58,48,3
Sporting Charleroi_2014/2015,Sporting Charleroi,2014/2015,0.43333333333333335,60,53,48,50,48,42,48,49,4
Sporting Charleroi_2015/2016,Sporting Charleroi,2015/2016,-0.1,60,53,48,50,48,39,48,49,4
Sporting CP_2009/2010,Sporting CP,2009/2010,0.5333333333333333,30,30,55,60,55,30,30,30,1
Sporting CP_2010/2011,Sporting CP,2010/2011,0.3333333333333333,50,35,65,65,35,55,45,50,3
Sporting CP_2011/2012,Sporting CP,2011/2012,0.7,53,56,67,68,69,52,49,54,2
Sporting CP_2013/2014,Sporting CP,2013/2014,1.1333333333333333,53,56,67,68,60,52,49,54,2
Sporting CP_2014/2015,Sporting CP,2014/2015,1.1176470588235294,55,56,42,50,55,60,60,54,3
Sporting CP_2015/2016,Sporting CP,2015/2016,1.7058823529411764,57,56,42,50,55,60,60,54,3
Real Sporting de Gijón_2009/2010,Real Sporting de Gijón,2009/2010,-0.39473684210526316,70,55,65,50,70,70,70,55,2
Real Sporting de Gijón_2010/2011,Real Sporting de Gijón,2010/2011,-0.18421052631578946,68,53,67,51,65,58,51,55,2
Real Sporting de Gijón_2011/2012,Real Sporting de Gijón,2011/2012,-0.7105263157894737,51,43,68,61,44,36,60,39,4
Real Sporting de Gijón_2015/2016,Real Sporting de Gijón,2015/2016,-0.5789473684210527,55,50,62,59,38,45,54,41,4
Napoli_2009/2010,Napoli,2009/2010,0.18421052631578946,70,30,30,35,70,50,70,45,3
Napoli_2010/2011,Napoli,2010/2011,0.5263157894736842,50,35,65,65,50,50,70,45,2
Napoli_2011/2012,Napoli,2011/2012,0.6388888888888888,60,50,65,65,50,45,55,50,2
Napoli_2013/2014,Napoli,2013/2014,1.0,68,52,68,69,53,44,57,53,2
Napoli_2014/2015,Napoli,2014/2015,0.4864864864864865,72,34,76,66,73,61,59,39,2
Napoli_2015/2016,Napoli,2015/2016,1.263157894736842,53,37,68,54,67,47,57,53,2
FC St. Gallen_2009/2010,FC St. Gallen,2009/2010,-0.08333333333333333,35,60,35,55,55,50,55,50,3
FC St. Gallen_2010/2011,FC St. Gallen,2010/2011,-0.9166666666666666,47,55,47,54,56,49,55,48,4
FC St. Gallen_2013/2014,FC St. Gallen,2013/2014,-0.2777777777777778,52,48,39,39,37,40,41,52,3
FC St. Gallen_2014/2015,FC St. Gallen,2014/2015,-0.2222222222222222,52,48,39,39,37,40,41,52,3
FC St. Gallen_2015/2016,FC St. Gallen,2015/2016,-0.6944444444444444,52,48,39,39,37,40,36,52,3
St. Mirren_2009/2010,St. Mirren,2009/2010,-0.34210526315789475,70,70,70,70,70,60,70,70,2
St. Mirren_2010/2011,St. Mirren,2010/2011,-0.631578947368421,48,48,52,48,48,43,44,51,4
St. Mirren_2011/2012,St. Mirren,2011/2012,-0.3157894736842105,60,75,62,45,60,50,48,40,4
St. Mirren_2013/2014,St. Mirren,2013/2014,-0.5,42,43,47,46,60,53,49,42,4
St. Mirren_2014/2015,St. Mirren,2014/2015,-0.9473684210526315,58,70,62,56,61,50,49,41,2
FC St. Pauli_2010/2011,FC St. Pauli,2010/2011,-0.9705882352941176,60,42,63,55,56,49,60,55,2
St. Johnstone FC_2009/2010,St. Johnstone FC,2009/2010,-0.10526315789473684,70,50,50,50,50,30,70,30,4
St. Johnstone FC_2010/2011,St. Johnstone FC,2010/2011,-0.5263157894736842,67,48,47,47,54,33,47,37,4
St. Johnstone FC_2011/2012,St. Johnstone FC,2011/2012,-0.18421052631578946,57,57,46,48,38,42,38,52,4
St. Johnstone FC_2013/2014,St. Johnstone FC,2013/2014,0.15789473684210525,60,58,48,49,38,44,42,56,4
St. Johnstone FC_2014/2015,St. Johnstone FC,2014/2015,0.0,56,57,47,49,40,40,40,52,4
St. Johnstone FC_2015/2016,St. Johnstone FC,2015/2016,0.07894736842105263,62,48,47,49,40,37,48,55,3
Sint-Truidense VV_2009/2010,Sint-Truidense VV,2009/2010,0.0,50,50,50,50,50,50,50,50,3
Sint-Truidense VV_2010/2011,Sint-Truidense VV,2010/2011,-1.0333333333333334,53,53,48,52,53,46,46,46,4
Sint-Truidense VV_2011/2012,Sint-Truidense VV,2011/2012,-0.9666666666666667,52,55,52,55,47,32,40,41,4
Standard de Liège_2009/2010,Standard de Liège,2009/2010,0.14285714285714285,53,40,55,55,65,70,70,65,2
Standard de Liège_2010/2011,Standard de Liège,2010/2011,0.4,68,66,53,66,63,59,47,66,2
Standard de Liège_2011/2012,Standard de Liège,2011/2012,0.3333333333333333,75,70,55,58,60,45,60,52,2
Standard de Liège_2014/2015,Standard de Liège,2014/2015,0.3333333333333333,54,62,55,58,60,45,54,52,2
Standard de Liège_2015/2016,Standard de Liège,2015/2016,-0.3333333333333333,54,62,55,58,60,45,54,52,2
Stoke City_2009/2010,Stoke City,2009/2010,-0.3684210526315789,65,70,70,70,55,35,70,35,2
Stoke City_2010/2011,Stoke City,2010/2011,-0.05263157894736842,50,80,30,70,35,25,65,50,4
Stoke City_2011/2012,Stoke City,2011/2012,-0.4473684210526316,75,75,40,72,55,50,58,45,2
Stoke City_2013/2014,Stoke City,2013/2014,-0.18421052631578946,75,73,59,61,38,32,37,41,4
Stoke City_2014/2015,Stoke City,2014/2015,0.07894736842105263,48,55,51,57,37,38,40,41,4
Stoke City_2015/2016,Stoke City,2015/2016,-0.3684210526315789,48,49,51,59,49,44,37,51,4
Sunderland_2009/2010,Sunderland,2009/2010,-0.21052631578947367,60,70,70,70,55,35,70,35,2
Sunderland_2010/2011,Sunderland,2010/2011,-0.2894736842105263,55,55,55,65,55,45,55,65,2
Sunderland_2011/2012,Sunderland,2011/2012,-0.02631578947368421,67,62,44,72,59,47,53,60,2
Sunderland_2013/2014,Sunderland,2013/2014,-0.5,57,66,56,31,72,47,52,49,2
Sunderland_2014/2015,Sunderland,2014/2015,-0.5789473684210527,60,61,56,44,58,41,38,53,4
Sunderland_2015/2016,Sunderland,2015/2016,-0.3684210526315789,43,51,59,50,55,47,45,49,4
Swansea City_2011/2012,Swansea City,2011/2012,-0.18421052631578946,26,24,62,39,57,48,58,60,3
Swansea City_2013/2014,Swansea City,2013/2014,0.0,41,39,36,42,44,52,58,57,3
Swansea City_2014/2015,Swansea City,2014/2015,-0.07894736842105263,63,34,34,51,36,51,58,54,3
Swansea City_2015/2016,Swansea City,2015/2016,-0.2631578947368421,45,42,34,36,55,31,47,42,4
CD Tenerife_2009/2010,CD Tenerife,2009/2010,-0.8947368421052632,30,30,45,30,65,50,30,45,1
FC Thun_2010/2011,FC Thun,2010/2011,0.1388888888888889,51,39,54,46,31,37,34,46,4
FC Thun_2011/2012,FC Thun,2011/2012,-0.08823529411764706,58,35,67,32,66,47,45,53,4
FC Thun_2013/2014,FC Thun,2013/2014,0.1111111111111111,58,35,67,32,66,47,45,53,4
FC Thun_2014/2015,FC Thun,2014/2015,0.05555555555555555,58,35,64,36,66,47,45,53,4
FC Thun_2015/2016,FC Thun,2015/2016,-0.25,58,35,64,36,66,47,45,53,4
Torino_2013/2014,Torino,2013/2014,0.2631578947368421,71,36,37,72,53,39,46,52,4
Torino_2014/2015,Torino,2014/2015,0.07894736842105263,76,64,64,72,53,39,34,52,4
Torino_2015/2016,Torino,2015/2016,-0.07894736842105263,69,36,37,69,53,39,46,52,4
Tottenham Hotspur_2009/2010,Tottenham Hotspur,2009/2010,0.6842105263157895,70,50,50,65,50,50,50,50,4
Tottenham Hotspur_2010/2011,Tottenham Hotspur,2010/2011,0.23684210526315788,60,55,70,70,70,30,40,60,2
Tottenham Hotspur_2011/2012,Tottenham Hotspur,2011/2012,0.6578947368421053,44,47,52,63,61,43,44,51,4
Tottenham Hotspur_2013/2014,Tottenham Hotspur,2013/2014,0.10526315789473684,42,46,45,58,68,63,61,57,2
Tottenham Hotspur_2014/2015,Tottenham Hotspur,2014/2015,0.13157894736842105,41,38,41,59,62,58,51,56,3
Tottenham Hotspur_2015/2016,Tottenham Hotspur,2015/2016,0.8947368421052632,47,40,41,41,63,63,54,56,3
Toulouse FC_2009/2010,Toulouse FC,2009/2010,0.0,35,70,45,70,35,30,45,30,4
Toulouse FC_2010/2011,Toulouse FC,2010/2011,0.05263157894736842,65,50,50,50,65,35,55,50,4
Toulouse FC_2011/2012,Toulouse FC,2011/2012,0.07894736842105263,49,53,52,34,36,36,45,49,4
Toulouse FC_2013/2014,Toulouse FC,2013/2014,-0.18421052631578946,49,53,52,34,36,36,45,49,4
Toulouse FC_2014/2015,Toulouse FC,2014/2015,-0.5526315789473685,49,53,52,34,57,36,52,49,4
Toulouse FC_2015/2016,Toulouse FC,2015/2016,-0.2631578947368421,49,53,52,34,36,36,45,49,4
ES Troyes AC_2015/2016,ES Troyes AC,2015/2016,-1.4473684210526316,49,51,52,49,46,43,42,52,4
FC Twente_2009/2010,FC Twente,2009/2010,1.1764705882352942,30,30,40,40,65,30,30,30,1
FC Twente_2010/2011,FC Twente,2010/2011,0.9117647058823529,55,55,63,62,47,61,59,54,2
FC Twente_2011/2012,FC Twente,2011/2012,1.0588235294117647,25,28,44,68,37,62,68,67,3
FC Twente_2013/2014,FC Twente,2013/2014,1.0294117647058822,35,38,44,50,41,34,44,54,3
FC Twente_2014/2015,FC Twente,2014/2015,0.14705882352941177,38,34,63,65,37,44,41,55,3
FC Twente_2015/2016,FC Twente,2015/2016,-0.4411764705882353,48,43,43,58,39,44,41,55,3
Udinese_2009/2010,Udinese,2009/2010,-0.13157894736842105,64,35,30,50,70,35,30,55,4
Udinese_2010/2011,Udinese,2010/2011,0.5789473684210527,70,49,66,50,50,44,45,55,4
Udinese_2011/2012,Udinese,2011/2012,0.5,75,45,65,65,50,45,55,50,2
Udinese_2013/2014,Udinese,2013/2014,-0.2894736842105263,78,63,69,78,52,40,63,57,2
Udinese_2014/2015,Udinese,2014/2015,-0.34210526315789475,71,63,69,78,52,40,46,57,2
Udinese_2015/2016,Udinese,2015/2016,-0.6578947368421053,68,63,69,68,52,40,57,57,2
"União de Leiria, SAD_2009/2010","União de Leiria, SAD",2009/2010,-0.2,50,50,50,50,50,50,50,50,3
"União de Leiria, SAD_2010/2011","União de Leiria, SAD",2010/2011,-0.43333333333333335,50,50,50,50,50,50,50,50,3
"União de Leiria, SAD_2011/2012","União de Leiria, SAD",2011/2012,-1.0333333333333334,36,36,52,50,46,53,45,56,3
Valencia CF_2009/2010,Valencia CF,2009/2010,0.5,30,30,55,60,70,55,60,60,2
Valencia CF_2010/2011,Valencia CF,2010/2011,0.5263157894736842,41,40,56,55,64,40,48,54,4
Valencia CF_2011/2012,Valencia CF,2011/2012,0.39473684210526316,20,35,38,56,55,51,38,59,3
Valencia CF_2013/2014,Valencia CF,2013/2014,-0.05263157894736842,20,35,38,56,55,51,38,59,3
Valencia CF_2014/2015,Valencia CF,2014/2015,1.0,30,35,38,56,55,51,38,59,3
Valencia CF_2015/2016,Valencia CF,2015/2016,-0.05263157894736842,35,35,37,51,58,49,45,53,3
Valenciennes FC_2009/2010,Valenciennes FC,2009/2010,0.0,60,70,50,60,60,30,55,30,4
Valenciennes FC_2010/2011,Valenciennes FC,2010/2011,0.10526315789473684,65,50,50,65,50,45,45,65,4
Valenciennes FC_2011/2012,Valenciennes FC,2011/2012,-0.2631578947368421,49,50,51,60,61,43,57,51,2
Valenciennes FC_2013/2014,Valenciennes FC,2013/2014,-0.7368421052631579,49,50,51,76,61,43,57,51,2
Real Valladolid_2009/2010,Real Valladolid,2009/2010,-0.6578947368421053,55,40,45,30,60,30,65,30,4
Real Valladolid_2013/2014,Real Valladolid,2013/2014,-0.5789473684210527,55,54,58,73,41,51,50,60,2
Hellas Verona_2013/2014,Hellas Verona,2013/2014,-0.15789473684210525,58,63,55,57,61,47,59,63,2
Hellas Verona_2014/2015,Hellas Verona,2014/2015,-0.42105263157894735,63,48,39,54,55,31,47,37,4
Hellas Verona_2015/2016,Hellas Verona,2015/2016,-0.7631578947368421,57,38,39,54,55,47,59,52,3
VfB Stuttgart_2009/2010,VfB Stuttgart,2009/2010,0.29411764705882354,70,30,60,70,70,65,50,60,2
VfB Stuttgart_2010/2011,VfB Stuttgart,2010/2011,0.029411764705882353,64,48,60,62,56,45,56,39,4
VfB Stuttgart_2011/2012,VfB Stuttgart,2011/2012,0.5,50,42,56,66,48,47,44,43,4
VfB Stuttgart_2013/2014,VfB Stuttgart,2013/2014,-0.38235294117647056,59,41,58,66,65,47,52,38,2
VfB Stuttgart_2014/2015,VfB Stuttgart,2014/2015,-0.5294117647058824,54,53,60,56,48,46,54,40,4
VfB Stuttgart_2015/2016,VfB Stuttgart,2015/2016,-0.7352941176470589,59,41,58,66,48,41,44,32,4
Villarreal CF_2009/2010,Villarreal CF,2009/2010,0.02631578947368421,64,30,55,35,70,65,30,70,2
Villarreal CF_2010/2011,Villarreal CF,2010/2011,0.2631578947368421,42,41,53,38,70,50,48,54,4
Villarreal CF_2011/2012,Villarreal CF,2011/2012,-0.3684210526315789,20,26,43,57,58,51,51,56,3
Villarreal CF_2013/2014,Villarreal CF,2013/2014,0.42105263157894735,24,26,43,57,58,51,51,56,3
Villarreal CF_2014/2015,Villarreal CF,2014/2015,0.2894736842105263,35,35,43,57,58,51,51,56,3
Villarreal CF_2015/2016,Villarreal CF,2015/2016,0.23684210526315788,48,36,36,52,55,47,48,44,3
Vitesse_2009/2010,Vitesse,2009/2010,-0.7058823529411765,35,35,40,50,60,30,30,30,1
Vitesse_2010/2011,Vitesse,2010/2011,-0.5588235294117647,33,50,68,51,54,55,60,64,2
Vitesse_2011/2012,Vitesse,2011/2012,0.14705882352941177,37,30,57,42,56,42,54,48,3
Vitesse_2013/2014,Vitesse,2013/2014,0.47058823529411764,37,39,52,42,62,42,45,48,4
Vitesse_2014/2015,Vitesse,2014/2015,0.6764705882352942,53,32,53,54,56,42,54,62,3
Vitesse_2015/2016,Vitesse,2015/2016,0.5,57,48,53,37,71,60,58,62,2
Vitória Guimarães_2009/2010,Vitória Guimarães,2009/2010,-0.1,30,30,55,55,55,30,30,30,1
Vitória Guimarães_2010/2011,Vitória Guimarães,2010/2011,-0.03333333333333333,65,47,65,50,49,55,55,48,2
Vitória Guimarães_2011/2012,Vitória Guimarães,2011/2012,0.0,40,39,53,68,58,50,59,68,2
Vitória Guimarães_2013/2014,Vitória Guimarães,2013/2014,-0.16666666666666666,40,39,53,68,58,50,59,64,2
Vitória Guimarães_2014/2015,Vitória Guimarães,2014/2015,0.4411764705882353,40,39,53,62,58,37,40,64,4
Vitória Guimarães_2015/2016,Vitória Guimarães,2015/2016,-0.23529411764705882,40,39,53,62,58,37,40,64,4
Vitória Setúbal_2009/2010,Vitória Setúbal,2009/2010,-0.9333333333333333,30,30,60,50,55,30,30,30,1
Vitória Setúbal_2010/2011,Vitória Setúbal,2010/2011,-0.43333333333333335,50,50,50,65,50,35,55,50,4
Vitória Setúbal_2011/2012,Vitória Setúbal,2011/2012,-0.8333333333333334,56,42,54,52,52,37,37,58,4
Vitória Setúbal_2013/2014,Vitória Setúbal,2013/2014,0.0,56,42,54,52,52,37,37,58,4
Vitória Setúbal_2014/2015,Vitória Setúbal,2014/2015,-0.9411764705882353,56,42,54,52,52,37,37,58,4
Vitória Setúbal_2015/2016,Vitória Setúbal,2015/2016,-0.6176470588235294,58,42,54,52,52,37,37,58,4
VVV-Venlo_2009/2010,VVV-Venlo,2009/2010,-0.4117647058823529,50,50,50,50,50,50,50,50,3
VVV-Venlo_2010/2011,VVV-Venlo,2010/2011,-1.2352941176470589,50,42,50,62,50,38,47,49,4
VVV-Venlo_2011/2012,VVV-Venlo,2011/2012,-1.0588235294117647,41,52,48,60,47,46,55,54,3
Waasland-Beveren_2013/2014,Waasland-Beveren,2013/2014,-0.6666666666666666,62,53,50,30,54,30,49,35,4
Waasland-Beveren_2014/2015,Waasland-Beveren,2014/2015,-0.6333333333333333,38,39,29,30,39,25,37,35,1
Waasland-Beveren_2015/2016,Waasland-Beveren,2015/2016,-0.5666666666666667,38,49,45,42,53,27,32,35,1
Watford_2015/2016,Watford,2015/2016,-0.2631578947368421,61,52,54,42,45,38,52,45,4
SV Werder Bremen_2009/2010,SV Werder Bremen,2009/2010,0.9117647058823529,70,40,70,40,70,70,65,70,2
SV Werder Bremen_2010/2011,SV Werder Bremen,2010/2011,-0.4117647058823529,64,40,65,48,64,64,48,68,2
SV Werder Bremen_2011/2012,SV Werder Bremen,2011/2012,-0.2647058823529412,54,40,68,58,48,49,50,65,2
SV Werder Bremen_2013/2014,SV Werder Bremen,2013/2014,-0.7058823529411765,68,33,71,67,78,60,50,64,2
SV Werder Bremen_2014/2015,SV Werder Bremen,2014/2015,-0.4411764705882353,40,47,37,40,51,40,50,45,3
SV Werder Bremen_2015/2016,SV Werder Bremen,2015/2016,-0.4411764705882353,56,63,68,66,58,63,47,73,2
West Bromwich Albion_2010/2011,West Bromwich Albion,2010/2011,-0.39473684210526316,60,65,40,50,45,35,55,60,4
West Bromwich Albion_2011/2012,West Bromwich Albion,2011/2012,-0.18421052631578946,48,48,45,60,54,38,38,52,4
West Bromwich Albion_2013/2014,West Bromwich Albion,2013/2014,-0.42105263157894735,55,54,57,53,57,33,31,49,4
West Bromwich Albion_2014/2015,West Bromwich Albion,2014/2015,-0.34210526315789475,55,51,53,53,57,41,40,49,4
West Bromwich Albion_2015/2016,West Bromwich Albion,2015/2016,-0.3684210526315789,62,51,53,50,60,41,40,49,4
West Ham United_2009/2010,West Ham United,2009/2010,-0.5,58,30,31,70,50,30,70,30,3
West Ham United_2010/2011,West Ham United,2010/2011,-0.7105263157894737,35,35,30,45,45,45,45,50,3
West Ham United_2013/2014,West Ham United,2013/2014,-0.2894736842105263,72,73,61,74,32,30,37,41,4
West Ham United_2014/2015,West Ham United,2014/2015,-0.07894736842105263,72,73,68,71,32,30,34,41,4
West Ham United_2015/2016,West Ham United,2015/2016,0.3684210526315789,77,57,68,73,29,30,37,41,4
KVC Westerlo_2009/2010,KVC Westerlo,2009/2010,-0.21428571428571427,45,60,40,45,55,70,70,70,3
KVC Westerlo_2010/2011,KVC Westerlo,2010/2011,0.03333333333333333,34,52,66,48,53,48,59,67,2
KVC Westerlo_2011/2012,KVC Westerlo,2011/2012,-1.0,52,50,59,60,32,48,45,53,3
KVC Westerlo_2015/2016,KVC Westerlo,2015/2016,-0.8,52,50,57,55,32,48,45,53,3
Widzew Łódź_2010/2011,Widzew Łódź,2010/2011,0.23333333333333334,63,48,48,68,53,37,58,63,2
Widzew Łódź_2011/2012,Widzew Łódź,2011/2012,-0.03333333333333333,66,72,70,61,54,32,32,62,4
Widzew Łódź_2013/2014,Widzew Łódź,2013/2014,-0.8333333333333334,66,59,43,61,54,32,43,46,4
Wigan Athletic_2009/2010,Wigan Athletic,2009/2010,-1.105263157894737,70,70,70,70,50,35,70,35,2
Wigan Athletic_2010/2011,Wigan Athletic,2010/2011,-0.5526315789473685,35,50,45,65,50,45,55,65,3
Wigan Athletic_2011/2012,Wigan Athletic,2011/2012,-0.5263157894736842,38,38,54,42,42,40,42,44,4
Willem II_2009/2010,Willem II,2009/2010,-1.0,35,30,30,40,65,30,30,30,1
Willem II_2010/2011,Willem II,2010/2011,-1.7941176470588236,72,57,70,47,49,28,63,62,2
Willem II_2015/2016,Willem II,2015/2016,-0.5294117647058824,51,63,48,53,52,43,45,47,4
Wisła Kraków_2009/2010,Wisła Kraków,2009/2010,0.9333333333333333,40,35,55,35,70,70,70,65,2
Wisła Kraków_2010/2011,Wisła Kraków,2010/2011,0.5,67,48,53,63,67,58,47,52,2
Wisła Kraków_2011/2012,Wisła Kraków,2011/2012,0.1,25,25,32,72,50,60,58,61,3
Wisła Kraków_2013/2014,Wisła Kraków,2013/2014,0.26666666666666666,30,30,32,72,50,60,58,61,3
Wisła Kraków_2014/2015,Wisła Kraków,2014/2015,0.26666666666666666,47,36,36,53,66,60,66,53,3
Wisła Kraków_2015/2016,Wisła Kraków,2015/2016,0.3333333333333333,33,37,33,37,31,62,58,37,3
VfL Wolfsburg_2009/2010,VfL Wolfsburg,2009/2010,0.17647058823529413,65,45,65,60,70,45,60,50,2
VfL Wolfsburg_2010/2011,VfL Wolfsburg,2010/2011,-0.14705882352941177,65,45,65,36,51,58,47,66,3
VfL Wolfsburg_2011/2012,VfL Wolfsburg,2011/2012,-0.38235294117647056,54,59,67,56,48,38,40,45,4
VfL Wolfsburg_2013/2014,VfL Wolfsburg,2013/2014,0.38235294117647056,58,57,68,72,70,64,42,55,2
VfL Wolfsburg_2014/2015,VfL Wolfsburg,2014/2015,1.0,58,45,68,60,54,59,48,47,2
VfL Wolfsburg_2015/2016,VfL Wolfsburg,2015/2016,-0.058823529411764705,68,57,69,66,50,66,46,55,2
Wolverhampton Wanderers_2009/2010,Wolverhampton Wanderers,2009/2010,-0.631578947368421,70,70,70,70,70,70,70,70,2
Wolverhampton Wanderers_2010/2011,Wolverhampton Wanderers,2010/2011,-0.5263157894736842,55,55,60,60,45,45,45,50,4
Wolverhampton Wanderers_2011/2012,Wolverhampton Wanderers,2011/2012,-1.105263157894737,67,68,42,68,56,48,60,45,2
Neuchâtel Xamax_2009/2010,Neuchâtel Xamax,2009/2010,-0.05555555555555555,60,45,60,70,60,50,45,55,2
Neuchâtel Xamax_2010/2011,Neuchâtel Xamax,2010/2011,-0.6388888888888888,54,47,37,48,53,49,45,52,3
Neuchâtel Xamax_2011/2012,Neuchâtel Xamax,2011/2012,0.0,49,50,39,48,34,34,31,51,4
Xerez Club Deportivo_2009/2010,Xerez Club Deportivo,2009/2010,-0.7368421052631579,30,30,45,35,70,45,50,45,1
BSC Young Boys_2009/2010,BSC Young Boys,2009/2010,0.8611111111111112,55,55,55,70,60,55,55,60,2
BSC Young Boys_2010/2011,BSC Young Boys,2010/2011,0.4166666666666667,60,57,65,69,68,48,49,61,2
BSC Young Boys_2011/2012,BSC Young Boys,2011/2012,0.4117647058823529,52,69,39,70,46,44,34,50,4
BSC Young Boys_2013/2014,BSC Young Boys,2013/2014,0.25,52,69,39,70,46,44,34,50,4
BSC Young Boys_2014/2015,BSC Young Boys,2014/2015,0.5277777777777778,52,64,39,66,46,44,34,50,4
BSC Young Boys_2015/2016,BSC Young Boys,2015/2016,0.8611111111111112,52,64,39,66,46,44,34,50,4
Zagłębie Lubin_2009/2010,Zagłębie Lubin,2009/2010,-0.26666666666666666,55,60,30,40,70,70,70,70,2
Zagłębie Lubin_2010/2011,Zagłębie Lubin,2010/2011,-0.23333333333333334,54,37,48,38,37,47,58,52,3
Zagłębie Lubin_2011/2012,Zagłębie Lubin,2011/2012,-0.2,33,38,67,52,73,58,47,52,2
Zagłębie Lubin_2013/2014,Zagłębie Lubin,2013/2014,-0.3,33,38,67,52,48,58,47,52,3
Real Zaragoza_2009/2010,Real Zaragoza,2009/2010,-0.47368421052631576,30,30,50,35,70,40,30,45,1
Real Zaragoza_2010/2011,Real Zaragoza,2010/2011,-0.34210526315789475,43,40,46,38,42,38,40,53,3
Real Zaragoza_2011/2012,Real Zaragoza,2011/2012,-0.6578947368421053,34,23,53,56,57,51,46,61,3
Zawisza Bydgoszcz_2014/2015,Zawisza Bydgoszcz,2014/2015,-0.6666666666666666,54,40,67,49,52,44,47,52,4
SV Zulte-Waregem_2009/2010,SV Zulte-Waregem,2009/2010,0.25,65,60,60,40,50,70,60,70,2
SV Zulte-Waregem_2010/2011,SV Zulte-Waregem,2010/2011,-0.06666666666666667,52,52,52,48,53,46,48,53,4
SV Zulte-Waregem_2011/2012,SV Zulte-Waregem,2011/2012,-0.2,54,51,47,52,50,44,55,53,3
SV Zulte-Waregem_2014/2015,SV Zulte-Waregem,2014/2015,-0.43333333333333335,54,51,47,52,32,44,58,37,3
SV Zulte-Waregem_2015/2016,SV Zulte-Waregem,2015/2016,0.03333333333333333,54,51,47,52,32,44,58,37,3
